Company name,Date of Initial Order,Monitor,Representative,Phone Number,URL
"Medican Construction, et al.",2010-05-26,Deloitte Restructuring Inc.,Cassie Poon,403-267-1817,www.insolvencies.deloitte.ca/en-ca/Medican
"Marine Drive Properties LTD., Wyndansea Development Corporation and Wyndansea Hotel Inc.",2015-01-06,Ernst & Young Inc.,Michael Andrew Bell,604-891-8200,www.ey.com/ca/marinedrive
"GASFRAC Energy Services Inc., GASFRAC Services GP Inc., GASFRAC Energy Services (US) Inc., GASFRAC US Holdings Inc., and GASFRAC Inc.",2015-01-15,Ernst & Young Inc.,Harold Peter Chisolm,403-206-5061,www.ey.com/ca/gasfracenergy
"Target Canada Co., et al",2015-01-15,Alvarez & Marsal Canada Inc.,Alan John Hutchens,416-847-5159,http://www.alvarezandmarsal.com/targetcanada
"Hush Homes Inc., Hush Inc., 2122763 Ontario Inc., 2142301 Ontario Inc., 2164566 Ontario Inc.",2015-01-19,The Fuller Landau Group Inc.,Gary Frank Abrahamson,416-645-6524,https://fullerllp.com/active_engagements/hush-homes-inc-o-a-gardens-of-coronation-hush-inc-2122763-ontario-inc-o-a-thorny-brae-place-2142301-ontario-inc-o-a-silverthorn-mill-2/
"Southern Pacific Resource Corp., Southern Pacific Energy Ltd., 1614789 Alberta Ltd., 1717712 Alberta Ltd., and Southern Pacific Resource Partnership.",2015-01-21,PricewaterhouseCoopers Inc.,Paul James Darby,403-509-6677,www.pwc.com/car-stp
"Lutheran Church-Canada, the Alberta-British Columbia District, Lutheran Church-Canada, the Alberta-British Columbia District Investments Ltd., Encharis Community and Housing Services and Encharis Management and Support Services",2015-01-23,Deloitte Restructuring Inc.,Ryan Adlington,403-261-8135,http://www.insolvencies.deloitte.ca/en-ca/Pages/default.aspx
"Bloom Lake General Partner Limited, Quinto Mining Corporation, 8568391 Canada Limited, Cliffs Quebec Iron Mining ULC, The Bloom Lake Iron Ore Mine Limited Partnership, Bloom Lake Railway Company Limited",2015-01-27,FTI Consulting Canada Inc.,JAMES ROBINSON,416-649-8070,http://cfcanada.fticonsulting.com/bloomlake/
Mady Collier Centre Ltd.,2015-01-30,Grant Thornton Limited,Jonathan Krieger,416-360-5055,http://www.grantthornton.ca/services/reorg/  bankruptcy_and_insolvency/Madycollier
"Plasco Energy Group Inc., Plasco Trail Road Inc. and Plasco Ottawa Inc.",2015-02-10,Ernst & Young Inc.,Brian Michael Denega,416-943-3058,www.ey.com/ca/plasco
CMIC Mortgage Investment Corporation,2015-02-13,The Bowra Group Inc.,David Bowra,604-689-8939,
Minéraux Maudore ltée,2015-02-27,Deloitte Restructuring Inc.,Jean-François Nadon,514-390-0959,http://www.insolvencies.deloitte.ca/en-ca/Pages/Maudore-Minerals-Ltd.aspx
Yukon Zinc Corporation,2015-03-13,PricewaterhouseCoopers Inc.,Michael Vermette,604-806-7675,http://www.pwc.com/ca/en/car/  yukonzinc/index.jhtml
Comark Inc.,2015-03-26,Alvarez & Marsal Canada Inc.,John Walker,416-847-5152,http://www.alvarezandmarsal.com/comark-inc/
"Laricina Energy Ltd., Laricina GP Holding Ltd., 1276158 Alberta Inc.",2015-03-26,PricewaterhouseCoopers Inc.,Clinton L.T. Roberts,403-509-7307,www.pwc.com/car-laricina
"Labrador Iron Mines Holdings Limited, Labrador Iron Mines Limited, and Schefferville Mines Inc.",2015-04-02,KSV Kofman Inc.,Robert Kofman,416-932-6228,https://www.ksvadvisory.com/insolvency-cases/case/labrador-iron-mines-holdings-limited
Advance Engineered Products Ltd.,2015-04-10,Ernst & Young Inc.,Mike Bell,604-899-3566,www.ey.com/ca/aepl
Shoreline Energy Corp.,2015-04-13,Grant Thornton Limited,Nathan Bell,403-260-2529,https://www.grantthornton.ca/en/service/advisory/creditor-updates/#Shoreline-Energy-Corp
"Armtec Infrastructure Inc., Armtec Holdings Limited, Durisol Consulting Services Inc., Armtec US Limited, Inc. and Armtec Limited Partner Corp.",2015-04-29,Ernst & Young Inc.,Sharon Hamilton,416-943-2153,www.ey.com/ca/armtec
Great Western Minerals Group Ltd.,2015-04-30,PricewaterhouseCoopers Inc.,Gregory Prince,416-814-5752,http://www.pwc.com/car-greatwesternmineralsgroup
Verity Energy Ltd.,2015-05-01,Grant Thornton Limited,Andrew Basi,403-296-2992,https://www.grantthornton.ca/en/service/advisory/creditor-updates/#Verity-Energy-Ltd
"Nelson Education Ltd., Nelson Education Holdings Ltd.",2015-05-12,FTI Consulting,Nigel Meakin,416-649-8070,http://cfcanada.fticonsulting.com/NelsonEducationLtd/
"Wabush Iron Co. Limited, Wabush Resources Inc., Wabush Mines, Arnaud Railway Company, Wabush Lake Railway Company, Limited",2015-05-20,FTI Consulting Canada Inc.,JAMES ROBINSON,416-649-8070,http://cfcanada.fticonsulting.com/bloomlake/
TravelBrands Inc.,2015-05-27,KPMG Inc.,Philip Joseph Reynolds,416-777-8415,https://home.kpmg/ca/en/home/services/advisory/deal-advisory/creditorlinks/travel-brands.html
Compagnie de Tabac Dynasty Inc.,2015-06-04,PricewaterhouseCoopers Inc.,Christian Bourque,514-205-5434,http://www.pwc.com/ca/en/services/insolvency-assignments/tabacdynasty.html
"Sécur Finance Investissements 700 Inc. , Services Financiers Sécur Finance Inc.",2015-06-08,Deloitte Restructuring Inc.,Martin Franco,514-393-8474,http://www.insolvencies.deloitte.ca/fr-ca/Pages/Secur-Finance_fr.aspx
North American Tungsten Corporation Ltd.,2015-06-09,Alvarez & Marsal Canada Inc.,Todd Martin,604-638-7445,www.alvarezandmarsal.com/northamerican
Strateco Resources Inc.,2015-06-09,Ernst & Young Inc.,Michel Marleau,514-874-4457,www.ey.com/ca/strateco
"Co-op Atlantic, Co-op Energy Ltd. ,  C A Reality Ltd.",2015-06-25,KPMG Inc.,Carl Adjami,514-205-5434,https://home.kpmg.com/ca/en/home/services/advisory/deal-advisory/creditorlinks/co-op-atlantic-co-op-energy-ltd-c-a-realty-ltd.html
Scotian Halibut Limited,2015-07-09,Grant Thornton Limited,Daniel A. Rozon,902-453-6600,www.grantthornton.ca/scotianhalibut
"Magasin Laura (P.V.) Inc., Laura's Shoppe (P.V.) Inc.",2015-08-12,KPMG Inc.,Dev A. Coossa,514-840-2555,https://home.kpmg/ca/en/home/services/advisory/deal-advisory/creditorlinks/lauras-shoppe-p-v-inc.html
COGI Limited Partnership and Canadian Oil & Gas International Inc.,2015-08-28,MNP Ltd.,Victor Kroeger,403-298-8479,www.mnpdebt.ca/cogi
"Pascan Aviation Inc., Les Structures & Composantes Avtech Inc., 3939421 Canada Inc., 8039879 Canada Inc., Pascan Express Inc., 8039895 Canada Inc., Les Carburants Avtech Inc.",2015-08-31,PricewaterhouseCoopers Inc.,Christian Bourque  Catherine Nguyen,514-205-5434,http://www.pwc.com/ca/en/car/groupepascan
"Crailar Technologies Inc., Crailar Inc., Hemptown USA Inc., 0697872 B.C. Ltd., Crailar Fiber Technologies Inc., HTNaturals Apparel Corp.",2015-11-09,The Bowra Group Inc.,Martin Hyatt,604-689-8939,http://www.bowragroup.com/#!crailar-technologies-/iaxon
"Essar Steel Algoma Inc., Essar Tech Algoma Inc., Essar Steel Algoma (Alberta) ULC, Cannelton Iron Ore Company and Essar Steel Algoma Inc. USA",2015-11-09,Ernst & Young Inc.,Brian Denega,416-943-3058,www.ey.com/ca/essaralgoma
"Parallel Energy Trust, Parallel Energy Commercial Trust and Parallel Energy Inc.",2015-11-09,KPMG Inc.,Neil Honess,403-691-8014,www.kpmg.ca/parallelenergy
"Bluberi Jeux et Technologies Inc. / Bluberi Gaming Technologies Inc., Bluberi Group Inc., Bluberi USA, Inc.",2015-11-12,Ernst & Young Inc.,Martin P. Rosenthal,514-879-6549,www.ey.com/ca/bluberi
"Victorian Order of Nurses for Canada, Victorian Order of Nurses for Canada - Eastern Region and Victorian Order of Nurses for Canada - Western Region",2015-11-25,Collins Barrow Toronto Limited,Daniel Weisz,416-646-8778,http://www.collinsbarrow.com/en/cbn/restructuring-and-recovery-engagements/v-o-n
"Walter Energy Canada Holdings, Inc.; Walter Canadian Coal ULC; Wolverine Coal ULC; Brule Coal ULC; Cambrian Energybuild Holdings ULC; Willow Creek Coal ULC; Pine Valley Coal Ltd.; 0541237 B.C. Ltd.",2015-12-07,KPMG Inc.,Philip J. Reynolds / Anthony Tillman,416-777-8415,/ 604-646-6332  www.kpmg.com/ca/walterenergycanada
9323-7055 Québec Inc.,2015-12-09,Raymond Chabot Inc.,Jean Gagnon,514-393-4848,www.raymondchabot.com/dossiers-publics/9 323-7055 quebec-inc/
"Les Grands Travaux Soter Inc., Les Constructions Marc Lussier Inc., 9063-0757 Québec Inc.",2015-12-21,Raymond Chabot Inc.,Jean Gagnon,514-393-4848,https://www.raymondchabot.com/en/public-records/les-grands-travaux-soter-inc/
"PT Holdco, Inc., Primus Telecommunications Canada, Inc., PTUS, Inc., Primus Telecommunications, Inc., and Lingo, Inc.",2016-01-19,FTI Consulting Canada Inc.,Nigel Meakin,416-649-8065,http://cfcanada.fticonsulting.com/Primus/
1721027 Ontario Inc.,2016-02-02,PricewaterhouseCoopers Inc.,Gregory Prince,416-814-5752,www.pwc.com/car-1721027ontarioinc
Rotating Right Inc.,2016-02-03,Ernst & Young Inc.,Matt McCulloch,780-638-6642,https://documentcentre.eycan.com/Pages/Main.aspx?SID=363
GuestLogix Inc. and GuestLogix Ireland Limited,2016-02-09,PricewaterhouseCoopers Inc.,Gregory Prince,416-814-5752,www.pwc.com/ca/guestlogix
"Argent Energy Trust, Argent Energy (Canada) Holdings Inc. and Argent Energy (US) Holdings Inc.",2016-02-17,FTI Consulting Canada Inc.,Deryck Helkaa,403-454-6035,http://cfcanada.fticonsulting.com/Argent
3499481 Canada Inc.,2016-02-19,PricewaterhouseCoopers Inc.,Claudio Filippone,514-205-5000,www.pwc.com/ca/3499481
632738 Alberta Ltd.,2016-02-19,Ernst & Young Inc.,Matt McCulloch,780-638-6642,www.ey.com/ca/632738
"Les investissements Hexagone Inc., Location Hexagone Inc., Groupe Hexagone s.e.c., Les entreprises commerciales Hexagone Inc, 9324-9928 Quebec Inc. and 9328-5021 Quebec Inc.",2016-03-03,PricewaterhouseCoopers Inc.,Christian Bourque,514-205-5434,www.pwc.com/ca/groupehexagone
"Quicksilver Resources Canada Inc., 0942065 B.C. Ltd and 0942069 B.C. Ltd.",2016-03-08,FTI Consulting Canada Inc.,Deryck Helkaa,403-454-6035,http://cfcanada.fticonsulting.com/qrci/
7098961 Canada Inc.,2016-03-24,Richter Advisory Group Inc.,Benoit Gingues,514-934-3514,www.richter.ca/en/folder/insolvency-cases/0-9/7098961-canada-inc
"Sanjel Corporation, Sanjel Canada Ltd., Terracor Group Ltd., Suretech Group Ltd., Suretech Completions Canada Ltd., Sanjel Energy Services (USA) Inc., Sanjel (USA) Inc., Suretech Completions (USA) Inc., Sanjel Capital (USA) Inc., Terracor (USA) Inc., Terracor Resources (USA) Inc., Terracor Logistics (USA) Inc., Sanjel Middle East Ltd., Sanjel Latin America Limited and Sanjel Energy Services DMCC",2016-04-04,PricewaterhouseCoopers Inc.,Paul Darby,403-509-6677,www.pwc.com/ca/sanjel
FirstOnSite G.P. Inc.,2016-04-21,FTI Consulting Canada Inc.,Michael Basso,416-649-8050,http://cfcanada.fticonsulting.com/firstonsite
Northern Transportation Company Limited,2016-04-27,PricewaterhouseCoopers Inc.,Sean Fleming,780-441-6700,www.pwc.com/ca/ntcl
"Pacific Exploration & Production Corporation, Pacific E&P Holdings Corp., Meta Petroleum Corp., Pacific Stratus International Energy Ltd., Pacific Stratus Energy Colombia Corp., Pacific Stratus Energy S.A., Pacific Off Shore Peru S.R.L., Pacific Rubiales Guatemala S.A., Pacific Guatemala Energy Corp., PRE-PSIE Coöperatief U.A., Petrominerales Colombia Corp. and Grupo C&C Energia (Barbados) Ltd.",2016-04-27,PricewaterhouseCoopers Inc.,Mica Arlette,416-814-5834,www.pwc.com/ca/pacific
Anterra Energy Inc.,2016-05-06,PricewaterhouseCoopers Inc.,Jonathan Reimche,403-509-7359,http://www.pwc.com/ca/en/services/insolvency-assignments/anterra.html
Connacher Oil and Gas Limited,2016-05-17,Ernst & Young Inc.,Peter Chisolm,403-206-5061,www.ey.com/ca/connacheroilandgas
Ben Moss Jewellers Western Canada Ltd.,2016-05-18,Alvarez & Marsal Canada Inc.,Alan John Hutchens,416-847-5159,www.alvarezandmarsal.com/benmoss
"Urbancorp Toronto Management Inc., Urbancorp (St. Clair Village) Inc., Urbancorp (Patricia) Inc., Urbancorp (Mallow) Inc., Urbancorp (Lawrence) Inc., Urbancorp Downsview Park Development Inc., Urbancorp Residential Inc., Urbancorp (952 Queen West) Inc., King Residential Inc., Urbancorp 60 ST. Clair Inc., High Res. Inc., Bridge On King Inc.",2016-05-18,KSV Kofman Inc.,Robert Kofman,416-932-6228,https://www.ksvadvisory.com/insolvency-cases/case/urbancorp-group
101133330 Saskatchewan Ltd. and 101149825 Saskatchewan Ltd.,2016-05-20,Deloitte Restructuring Inc.,Brent Warga,204-942-0051,www.insolvencies.deloitte.ca/en-ca/10113 3330and101149825SkLtd
Allarco Entertainment 2008 Inc. and Allarco Entertainment Limited Partnership,2016-05-26,PricewaterhouseCoopers Inc.,Sean Fleming,780-441-6700,www.pwc.com/ca/allarco
Endurance Energy Ltd.,2016-05-30,FTI Consulting Canada Inc.,Deryck Helkaa,403-454-6035,http://cfcanada.fticonsulting.com/Endurance
2473304 Ontario Inc.,2016-06-07,Richter Advisory Group Inc.,Andrew Adessky,514-934-3513,https://www.richter.ca/en/folder/insolvency-cases/0-9/2473304-ontario-inc
"MPÉCO Construction Inc., MPECO Électrique Inc., MPECO Inc., and MPÉCO Fabrication Inc.",2016-06-17,PricewaterhouseCoopers Inc.,Christian Bourque,514-205-5434,www.pwc.com/ca/groupempeco
H.B. White Canada Corp.,2016-07-07,Alvarez & Marsal Canada Inc.,Alan John Hutchens,416-847-5159,www.alvarezandmarsal.com/hbwhite
"Omniarch Capital Corporation, Omniarch Management Corporation, Omnicarch Fixed Income Limited Partnership, Omniarch Fixed Income G.P. Ltd.",2016-07-15,Ernst & Young Inc.,Peter Chisolm,403-206-5061,www.ey.com/ca/omniarch
Hefler Forest Products Limited,2016-07-22,Green Landers Limited.,Ross Landers,902-481-8144,http://www.greenlanders.ca/gl-documents/
"MBAC Fertilizer Corp., MBAC Opportunities and Financing Inc., MBAC International Holdings Cooperative U.A. and MBAC (Barbados) Inc.",2016-08-04,Ernst & Young Inc.,Alex F. Morrison,416-941-7743,www.ey.com/ca/mbac
Carmen International Inc.,2016-08-16,Litwin Boyadjian Inc.,Arthur Blumer,514-875-4000,litwinboyadjian.net/info.aspx?n=Carmen International Inc.
Victory Farms Incorporated and Jonathan Mullen Mink Ranch Limited,2016-08-31,Deloitte Restructuring Inc.,James Foran,902-721-5614,http://www.insolvencies.deloitte.ca/en-ca/pages/Victory-Farms.aspx
Quattro Exploration and Production Ltd.,2016-09-08,Hardie & Kelly Inc.,Marc Kelly,403-777-9999,http://relieffromdebt.ca/quattro-exploration-production-ltd/
"Golf Town Canada Holdings Inc., Golf Town Canada Inc. and Golf Town GP II Inc.",2016-09-14,FTI Consulting Canada Inc.,Paul Bishop,416-649-8053,http://cfcanada.fticonsulting.com/golftown/
"Lightstream Resources Ltd., 1863359 Alberta Ltd., LTS Resources Partnership, 1863360 Alberta Ltd. and Bakken Resources Partnership",2016-09-26,FTI Consulting Canada Inc.,Deryck Helkaa,403-454-6035,http://cfcanada.fticonsulting.com/Lightstream/
"Urbancorp Cumberland 2 GP Inc., Urbancorp Cumberland 2 L.P., Bosvest Inc., and Westside Gallery Lofts Inc.",2016-10-06,The Fuller Landau Group Inc.,Gary Abrahamson,416-645-6524,https://fullerllp.com/active_engagements/urbancorp-cumberland-2-gp-inc/
"Urbancorp (Bridlepath) Inc., Urbancorp (Woodbine) Inc., The Townhouses of Hogg's Hollow Inc., King Towns Inc., Newtowns at Kingtowns Inc., Deaja Partner (Bay) Inc.",2016-10-18,KSV Kofman Inc.,Robert Kofman,416-932-6228,https://www.ksvadvisory.com/insolvency-cases/case/urbancorp-group
"Rubicon Minerals Corporation, 0691403 B.C. Ltd., 1304850 Ontario Inc., Rubicon Minerals Nevada Inc., Rubicon Nevada Corp., Rubicon Alaska Corp. and Rubicon Alaska Holdings Inc.",2016-10-20,Ernst & Young Inc.,Alex F. Morrison,416-941-7743,www.ey.com/ca/rubicon
"SunEdison Canadian Construction LP, SunEdison Canadian Construction GP Corp., SunEdison Canada Origination LP, SunEdison Canada Origination GP Corp., SunEdison Power Canada Inc., et al",2016-10-27,Ernst & Young Inc.,Alex F. Morrison,416-941-7743,www.ey.com/ca/sunedison
"Performance Sports Group Ltd., Bauer Hockey Corp., Bauer Hockey Retail Corp., Bauer Performance Sports Uniforms Corp., BPS Canada Intermediate Corp., BPS Diamond Sports Corp., Easton Baseball/Softball Corp., KBAU Holdings Canada, Inc., Performance Lacrosse Group Corp., PSG Innovation Corp.",2016-10-31,Ernst & Young Inc.,Brian Denega,416-943-3058,www.ey.com/ca/psg
8640025 Canada Inc. and Teliphone Data Centres Inc.,2016-11-25,"Boale, Wood & Company Ltd.",John McEown,604-605-3335,http://www.boalewood.ca/2016/11/28/8640025-canada-inc/
Parkland Airport Development Corporation,2016-11-29,Deloitte Restructuring Inc.,Darren Crocker,780-421-3687,http://www.insolvencies.deloitte.ca/en-ca/Pages/Parkland-Airport-Development-Corporation.aspx?searchpage=Search-Insolvencies.aspx
"Corporation Mount Real / Mount Real Corporation, Gestion Mracs Ltée / Gestion Mracs Ltd., Real Vest Investments Ltd., and Corporation Real Assurance Acceptation",2016-12-01,Raymond Chabot Inc.,Jean Gagnon,514-393-4848,https://www.raymondchabot.com/dossiers-publics/corporationmountreal/
1462598 Ontario Inc. (Tricon Films and Television),2016-12-12,KSV Kofman Inc.,Robert Kofman,416-932-6228,https://www.ksvadvisory.com/insolvency-cases/case/tricon-films-and-television-2/
Sunrise/Saskatoon Apartments Partnerships,2016-12-16,PricewaterhouseCoopers Inc.,Michael J. Vermette,604-806-7675,http://www.pwc.com/ca/sunrise
Développement Lachine Est Inc.,2017-01-13,Raymond Chabot Inc.,Jean Gagnon,514-393-4848,https://www.raymondchabot.com/en/public-records/groupe-catania/
Alliance Hanger Inc.,2017-01-16,KPMG Inc.  Dev A. Coossa  514-840-2555  https://home.kpmg.com/ca/en/home/services/advisory/deal-advisory/creditorlinks/alliance-hanger-inc.html,,,
Grafton-Fraser Inc.,2017-01-25,Richter Advisory Group Inc.,Adam Sherman,416-642-4836,https://www.richter.ca/insolvencycase/1735825-ontario-inc/
Orbite Technologies Inc.,2017-04-28,PricewaterhouseCoopers Inc.,Christian Bourque,514-205-5434,http://www.pwc.com/ca/orbitetechnologies
Walton International Group Inc. et al.,2017-04-28,Ernst & Young Inc.,Peter Chisolm,403-206-5061,www.ey.com/ca/wigi
"Express Fashion Apparel Canada Inc. and Express Canada GC GP, Inc.",2017-05-04,ALVAREZ & MARSAL CANADA INC.,Alan John Hutchens,416-847-5159,www.alvarezandmarsal.com/expresscanada
"Gestion Eric Savard Inc., et al.",2017-05-18,Raymond Chabot Inc.,Benoit Fontaine,514-393-4848,https://www.raymondchabot.com/dossiers-publics/gestion-eric-savard-inc-et-als/
Sears Canada Inc.,2017-06-22,FTI Consulting Canada Inc.,Paul Bishop/Greg Watson,416-649-8113,(Monitor’s Hotline)  http://cfcanada.fticonsulting.com/searscanada
"Canada North Group Inc., Canada North Camps., Campcorp Structures Ltd., D.J. Catering Ltd., 816956 Alberta Ltd., 1371047 Alberta Ltd.",2017-07-06,EY,Matt McCulloch,780-638-6642,www.ey.com/ca/canadanorthgroup
Index Energy Mills Road Corporation,2017-08-16,Grant Thornton Limited,Michael Creber,416-369-7047,https://www.grantthornton.ca/en/service/advisory/creditor-updates/#Index-Energy-Mills-Road-Corporation
"Toys ""R"" Us (Canada) Ltd. Toys ""R"" Us (Canada) Ltee",2017-09-19,Grant Thornton Limited,Michael Creber,416-369-7047,www.grantthornton.ca/toysrus
"Java-U Group Inc., Java-U Food Services Inc., Café Java-U Inc. and Java-U RTA INc.",2017-10-06,Raymond Chabot Inc.,Jean Gagnon,514-393-4848,www.raymondchabot.com/dossiers-publics/j ava-u/
1031084 Alberta Ltd. and 623735 Saskatchewan Ltd.,2017-10-31,KPMG Inc.,Ryan Adlington,403-691-8504,http://www.kpmg.com/ca/spareparts
BuildDirect.com Technologies Inc.,2017-10-31,PricewaterhouseCoopers Inc.,Michael Vermette,604-806-7675,www.pwc.com/ca/builddirect
All Canadian Investment Corporation,2017-11-10,McEown and Associates Ltd.,John McEown,604-558-8020,https://www.mceownassociates.com/all-canadian-investment-corporation
RCR International Inc. and WJ Dennis & Company,2017-11-21,Ernst & Young Inc.,Martin Rosenthal,514-875-6060,www.ey.com/ca/rcr
"669699 N.B. Ltd., MP Atlantic Wood Ltd. and New Future Lumber Ltd.",2017-11-29,Powell Associates Ltd.,Robert Powell,506-638-9220,https://maritimetrustee.ca/insolvencies
"9333-9109 Québec Inc., 9333-9315 Québec Inc., 9333-9331 Québec Inc., 9333-9026 Québec Inc., 9333-8424 Québec Inc., 9333-9059 Québec Inc., 9333-9125 Québec Inc., 9333-9216 Québec Inc., 9335-5923 Québec Inc.",2017-12-01,André Allard & Associés Inc.,André Allard,450-435-8011,Ext 203  http://aaasyndic.ca/public-records/9333-9109-quebec-inc
"Souris Mini Inc., Les Boutiques Souris Mini Inc. et Souris Mini International Inc.",2017-12-01,Richter Advisory Group Inc.,Andrew Adessky,514-875-6060,http://www.richter.ca/fr-CA/Folder/Insolvency-Cases/S/Souris-Mini-Inc
Atlantica Diversified Transportation Systems Inc.,2017-12-07,BDO Canada Limited,Philip Clarke,902-425-3100,http://extranets.bdo.ca/adts/
"Azzimov Inc.,Azzimov Mobile Inc.",2017-12-18,PricewaterhouseCoopers Inc.,Christian Bourque,514-205-5434,www.pwc.com/ca/azzimov
Copper Sands Land Corp.,2017-12-20,Deloitte Restructuring Inc.,Brent Warga  (,204) 942-0051,http://www.insolvencies.deloitte.ca/en-ca/Pages/Coppersandslandcorp.aspx
"Banro Corporation, Banro Group (Barbados) Limited, Banro Congo (Barbados) Limited, Namoya (Barbados) Limited, Lugushwa (Barbados) Limited, Twangiza (Barbados) Limited, Kamituga (Barbados) Limited",2017-12-22,FTI Consulting Canada Inc.,Nigel Meakin,416-649-8085,http://cfcanada.fticonsulting.com/banro/
Carillion Canada Inc.,2018-01-25,Ernst & Young Inc.,Murray Allan McDonald,416-943-3016,www.ey.com/ca/carillioncanada
Dundee Oil and Gas Limited,2018-02-13,FTI Consulting Canada Inc.,Jeffrey Rosenberg,416-649-8073,http://cfcanada.fticonsulting.com/Dundee/
Société en commandite Tilly de Laval et Promotions Anne Delisle Inc.,2018-02-14,Lemieux Nolet Inc.,Martin Poirier,418-833-1054,http://lemieuxnoletsyndic.com/societe-en-commandite-tilly-de-laval-et-promotions-anne-delisle-inc/
Discovery Air Inc.,2018-03-21,KSV Kofman Inc.,Robert Kofman,416-932-6228,https://www.ksvadvisory.com/insolvency-cases/case/discovery-air
Wicker Emporium Limited,2018-04-18,MNP Ltd.,Derek Cramm,902-334-2000,http://www.mnpdebt.ca/WickerEmporium
"BioAmber Sarnia Inc., BioAmber Canada Inc., BioAmber Inc.",2018-05-24,PricewaterhouseCoopers Inc.,Christian Bourque,514-844-8000,https://www.pwc.com/ca/bioamber
"PURCELL BASIN MINERALS INC., BUL RIVER MINERAL CORPORATION, GALLOWAI METAL MINING CORPORATION, GRAND MINERAL CORPORATION, JAO MINE DEVELOPERS LTD., and STANFIELD MINING GROUP OF CANADA LTD.",2018-05-29,MNP Ltd.,Patricia Wood,604-637-1535,http://mnpdebt.ca/en/corporate/Engagements/Purcell-Basin-Minerals-Inc
TELoIP Inc.,2018-06-27,PricewaterhouseCoopers Inc.,Michael McTaggart,416-687-8924,www.pwc.com/ca/teloip
Kolsy Homes Ltd. And Rivairo Capital Corporation,2018-07-09,The Bowra Group Inc.,Doug Chivers,780-809-1224,https://www.bowragroup.com/kolsy-homes-ltd
"Ranch Energy Corporation, OpsMobil Inc., 173163 Alberta Inc., 1859821 Alberta Inc., Air Dallaire Ltd., OpsMobil Group Inc., OpsMobil Construction Inc.,OpsMobil Energy Services Inc., K.L. Capital Corp.",2018-07-10,EY,Peter Chisolm,403-206-5061,www.ey.com/ca/OpsMobil  www.ey.com/ca/ranchenergy
Aralez Pharmaceuticals Inc. and Aralez Pharmaceuticals Canada Inc.,2018-08-10,Richter Advisory Group Inc.,Paul van Eyk,416-488-2345,https://www.richter.ca/insolvencycase/Aralez-Pharmaceuticals/
Le groupe S.M. Inc. et als,2018-08-24,Restructuration Deloitte Inc.,"VINCENT, ÉRIC",418-624-3333,www.insolvencies.deloitte.ca/en-ca/groupe-sm
Great Slave Helicopters Ltd.,2018-09-04,KSV Kofman Inc.,Bobby Kofman,416-932-6228,https://www.ksvadvisory.com/insolvency-cases/case/great-slave-helicopters/
"Kraus Brands Inc., Kraus Canada Ltd., Kraus Carpet Inc., Kraus Properties Inc., Kraus USA Inc., Strudex Inc., Kraus Brands LP, Kraus Canada LP, Kraus Carpet LP, Kraus Properties LP, Strudex LP",2018-09-11,Deloitte,Paul Casey,416-775-7172,http://www.insolvencies.deloitte.ca/en-ca/kraus
Purewal Blueberry Farms Ltd.,2018-10-11,FTI Consulting Canada Inc.,Craig Munro,604-601-5699,http://cfcanada.fticonsulting.com/purewal/
Harvest Fraser Richmond Organics Ltd.,2018-10-12,Ernst & Young Inc.,Mike Bell,604-891-8200,www.ey.com/ca/HRFO
OpenHydro Technology Canada Ltd.,2018-11-07,Grant Thornton Limited,PAUL PHILIP CLARKE,902-421-1734,https://www.grantthornton.ca/en/service/advisory/creditor-updates/#Open-Hydro-Technology-Canada-Ltd
Gestion Maison Éthier Inc. et Gestion Immobilière Maison Éthier Inc.,2018-11-15,KPMG,Stéphane De Broux,514-840-7265,www.kpmg.com/ca/ethier-en  www.kpmg.com/ca/ethier-fr
Forme Development Group Inc.,2018-11-30,KSV Kofman Inc.,Robert Kofman,416-932-6228,https://www.ksvadvisory.com/insolvency-cases/case/forme-development-group-inc
"V.A. Inc., Location V.A. Inc., 9288-7561 Québec Inc., 9001-6346 Québec Inc.",2018-12-21,Raymond Chabot Inc.,Dominic Deslandes,514-939-4725,http://www.raymondchabot.com/dossiers-publics/v-a-inc-et-al/
Vari-Form Inc.,2019-01-08,PricewaterhouseCoopers Inc.,Michael McTaggart,416-687-8924,www.pwc.com/ca/variforminc
"Taxelco Inc., Taxelco Permis Inc., Gestion de Parc de Véhicules Taxelco Inc., Téo Techno Inc., Armandy Inc., Cercle d’Or Taxi Ltée, Les Entreprises Phillip Cie Ltée, 9345-0351 Québec Inc., 9345-0427 Québec Inc., 9345-0559 Québec Inc., Taxi Hochelaga Inc., L’Association de Taxi Diamond de Montréal Ltée, et Centre de Répartition Taxelco Inc., 9354-9038 Québec Inc., 9345-0492 Québec Inc., 9354-9079 Québec Inc.",2019-02-01,Richter Group Conseil Inc.,Benoit Gingues,514-934-3514,https://www.richter.ca/fr/insolvencycase/taxelco-inc/
"Quadriga Fintech Solutions Corp., Whiteside Capital Corporation and 0984750 B.C. Ltd.",2019-02-05,Ernst & Young Inc.,George Kinsman,902-421-6282,www.ey.com/ca/quadriga
"Sural Laminated Products Canada Inc., Sural Québec Inc.",2019-02-11,PricewaterhouseCoopers Inc.,Philippe Jordan,514-205-5232,https://www.pwc.com/ca/sural
"Payless ShoeSource Canada Inc., Payless ShoeSource GP Inc. and Payless ShoeSource LP",2019-02-19,FTI Consulting Canada Inc.,Paul Bishop,1-855-718-5255,(hotline)  http://cfcanada.fticonsulting.com/paylesscanada
Nautilus Minerals Inc. & Nautilus Minerals Pacific Pty. Ltd.,2019-02-21,PricewaterhouseCoopers Inc.,Michael Joseph Vermette,604-806-7675,www.pwc.com/ca/nautilus-minerals
"Stantive Technologies Group Inc., 2441808 Ontario Inc., 2509876 Ontario Inc. and 1940857 Alberta Ltd.",2019-02-25,Ernst & Young Inc.,Alex Morrison,416-941-7743,www.ey.com/ca/stantive
"Elcano Exploration Inc., Elcano Exploration Ltd., Elcano Energy Partnership",2019-02-26,Hardie & Kelly Inc.,Marc Edward Kelly,403-777-9999,https://relieffromdebt.ca/elcano-group/
"Ascent Industries Corp., Agrima Botanicals Corp., Bloom Holdings Ltd., Bloom Meadows Corp., Agrima Scientific Corp., Pinecone Products Ltd., West Fork Holdings NV Inc.",2019-03-01,Ernst & Young Inc.,Holly Palmer,604-891-8200,www.ey.com/ca/Ascent
Divestco Inc.,2019-03-04,Grant Thornton Limited,Andrew Basi,403-296-2992,https://www.grantthornton.ca/en/service/advisory/creditor-updates/#Divestco-Inc
JTI-Macdonald Corp.,2019-03-08,Deloitte Restructuring Inc.,Philip Reynolds,416-956-9200,http://www.insolvencies.deloitte.ca/en-ca/pages/JTIMacdonaldCorp.aspx
"Imperial Tobacco Canada Limited (""ITCAN""), Imperial Tobacco Company Limited (""ITCO"")",2019-03-12,FTI Consulting Canada Inc.,Greg Watson / Paul Bishop,416-649-8044,(hotline)  http://cfcanada.fticonsulting.com/imperialtobacco
"Rothmans, Benson & Hedges Inc.",2019-03-22,Ernst & Young Inc.,Murray Allan McDonald,1-866-943-2280,www.ey.com/ca/rbh
"Bondfield Construction Company Limited, 950504 Ontario Inc., 352021 Ontario Limited, 2433485 Ontario Inc. and 2433486 Ontario Inc.",2019-04-03,Ernst & Young Inc.,Alex Morrison,416-941-7743,www.ey.com/ca/bondfield
Strategic Oil & Gas Ltd. and Strategic Transmission Ltd.,2019-04-10,KPMG Inc.,Huey Lee,604-646-6398,https://home.kpmg/ca/en/home/services/advisory/deal-advisory/creditorlinks/strategic-oil-gas-ltd-and-strategic-transmission-ltd.html
British Bazaar Company Limited and British Confectionery Company Limited,2019-05-01,Deloitte Restructuring Inc.,Mathew Harris,902-721-5602,http://www.insolvencies.deloitte.ca/en/British-Bazaar-and-British-Confectionery
North American Lithium Inc.,2019-05-28,Raymond Chabot Inc.,Benoit Fontaine,514-390-4195,https://www.raymondchabot.com/dossiers-publics/north-american-lithium-inc/
"ILTA Grain Inc. & NGP Grain Holdings, Inc.",2019-07-08,PRICEWATERHOUSECOOPERS INC.,Michael Vermette,604-806-7675,www.pwc.com/ca/ilta-grain
"Migu Investments Inc., Miniso (Canada) Store Inc., Miniso (Canada) Store One Inc., Miniso (Canada) Store Two Inc., Miniso (Canada) Store Three Inc., Miniso (Canada) Store Four Inc., Miniso (Canada) Store Five Inc., Miniso (Canada) Store Six Inc., Miniso (Canada) Store Seven Inc., Miniso (Canada) Store Eight Inc., Miniso (Canada) Store Nine Inc., Miniso (Canada) Store Ten Inc., Miniso (Canada) Store Eleven Inc., Miniso (Canada) Store Twelve Inc., Miniso (Canada) Store Thirteen Inc., Miniso (Canada) Store Fourteen Inc., Miniso (Canada) Store Fifteen Inc., Miniso (Canada) Store Sixteen Inc., Miniso (Canada) Store Seventeen Inc., Miniso (Canada) Store Eighteen Inc., Miniso (Canada) Store Nineteen Inc., Miniso (Canada) Store Twenty Inc., Miniso (Canada) Store Twenty-One Inc., Miniso (Canada) Store Twenty-Two Inc., Miniso Canada Investments Inc.",2019-07-12,Alvarez & Marsal Canada Inc.,Anthony Tillman,604-639-0849,https://www.alvarezandmarsal.com/minisocanada
"Gedex Systems Inc., Gedex Aviation Inc., Black Bay Minerals Corporation, Gedex Exploration Inc., and Gedex Earth Inc.",2019-08-12,Zeifman Partners Inc.,Allan A. Rutman,416-256-4000,https://www.zeifmans.ca/current-insolvency-files/
"Stornoway Diamond Corporation, Ashton Mining of Canada Inc., FCDC Sales and Marketing inc., Stornoway Diamonds (Canada) Inc.",2019-09-09,Deloitte Restructuring Inc.,Jean-François Nadon,514-390-0959,https://www.insolvencies.deloitte.ca/stornoway
"Energold Drilling Corp., Cros-Man Direct Underground Ltd., EGD Services Ltd., Bertram Drilling Corp., and Omniterra International Drilling Inc.",2019-09-13,FTI Consulting Canada Inc.,Thomas Powell,604-484-9525,http://cfcanada.fticonsulting.com/Energold
Forever XXI ULC,2019-09-29,PricewaterhouseCoopers Inc.,Greg Prince,416-814-5752,www.pwc.com/ca/forever21
Bellatrix Exploration Ltd.,2019-10-02,PricewaterhouseCoopers Inc.,Paul Darby,403-509-6677,https://www.pwc.com/ca/bellatrix
Del Equipment Inc.,2019-10-22,MNP Ltd.,Sheldon Title,416-263-6945,https://mnpdebt.ca/en/corporate/engagements/DELEquipment
"North American Fur Auctions Inc., North American Fur Producers Inc., NAFA Properties Inc., NAFA Properties (US) Inc., 3306319 Nova Scotia Limited, NAFA Properties Stoughton LLC, North American Fur Auctions (US) Inc., NAFPRO LLC (Wisconsin LLC), NAFA Europe Co-Operatief UA, NAFA Europe B.V., Daikoku SP.Z OO, and NAFA Polska SP.Z OO",2019-10-31,Deloitte Restructuring Inc.,Philip J. Reynolds,416-956-9200,https://www.insolvencies.deloitte.ca/en-ca/pages/NorthAmericanFurAuctionInc.aspx
3834310 Canada Inc. and Le Groupe Capitales Médias Inc.,2019-11-21,PricewaterhouseCoopers Inc.,Christian Bourque,514-205-5434,www.pwc.com/ca/capitalesmedias
9227-1584 Québec Inc. and 9336-9262 Québec Inc.,2019-11-22,KPMG Inc.,"Codere, Maxime",514-940-7528,https://mnpdebt.ca/en/corporate/engagements/DELEquipment
Accel Canada Holdings Limited and Accel Energy Canada limited,2019-11-22,PricewaterhouseCoopers Inc.,Paul Darby,403-509-6677,www.pwc.com/ca/accelcanada
"Clover Leaf Holdings Company, Connors Bros. Clover Leaf Seafoods Company, K.C.R. Fisheries Ltd., 6162410 Canada Limited, Connors Bros. Holdings Company and Connors Bros. Seafoods Company",2019-11-22,Alvarez & Marsal Canada Inc.,Alan Hutchens,416-847-5159,www.alvarezandmarsal.com/cloverleaf
"Tli Cho Landtran Transport Ltd., 1456998 Alberta Ltd., 1456982 Alberta Ltd. and Ventures West Limited Partnership",2019-11-29,MNP Ltd.,Vanessa Allen,587-702-5963,https://mnpdebt.ca/ventures
"9348069 Canada Inc., 4295862 Canada Inc., Motovan Corporation, Moncy Holding Company Inc., Moncy Financial Services Company Inc., Nichols Motorcycle Supply Inc., Moncy LLC and Motorcycle Tires & Accessories LLC",2019-12-02,KPMG Inc.,Dev A. Coossa,514-840-2555,www.kpmg.com/ca/motovan
"AgMedica Bioscience Inc., 2472602 Ontario Inc., 2642466 Ontario Inc., 8895309 Canada Inc., Wellworth Health Corp., 8050678 Canada Inc., 8326851 Canada Inc., Tavivat Naturals Inc., Worldwide Beverage Innovations Inc., Unique Beverages (USA) Inc., and Eseela Inc.",2019-12-02,Ernst & Young Inc.,Alexander Morrison,416-941-7743,www.ey.com/ca/agmedica
"Wayland Group Corp., Maricann Inc. and Nanoleaf Technologies Inc.",2019-12-02,PricewaterhouseCoopers Inc.,Michael McTaggart,416-687-8924,www.pwc.com/ca/wayland
"1112-1124 Capital Corp., 20/20 Capital Corp., 411 Ltd., 534 Capital Corp., 550 Capital Corp., 744 (2011) Capital Corp., 808 Capital Corp., 926 Capital Corp., Airdrie Gateway Block 2 Capital Corp., Airways Business Plaza Capital Corp., Aura Capital Corp., Avenida Village Ltd., Blackfoot Centre Ltd., Bonavista Square Ltd., Center Street GP Ltd., Centre 1000 Capital Corp., Centre Eleven Capital Corp., Centro 2102 Capital Corp., Deerfoot 17 Corp., Deerfoot Court (2011) Capital Corp., First Street Plaza GP Ltd., Glenmore Commerce Court Capital Corp., Inglewood 9th Avenue GP Ltd., Kensington Building Capital Corp., Louise Block Capital Corp., Macleod Place Ltd., Mayfield Capital Corp., Mission Centre Inc., Airdrie Creekside Capital Corp., Torode Strategic 1129 GP Ltd., One Six Capital Corp., Parallel Centre Ltd., Paramount Building Ltd., Parkwood/Eastgate Capital Corp., Pegasus Business Park Ltd., Stony Plain Capital Corp., Petro Fina Capital Corp., Petro West Ltd., Place 9-6 Ltd., Shelbourne Place Ltd., Stella Place Capital Corp., Strategic Centre Ltd., Sundance Place Ltd., Sundance Place II Ltd., Sunpark Place Ltd., Airdrie Gateway Block 3 Capital Corp., Wesley Church Building Inc., Willow Park Capital Corp., 411 Capital Corp., 1445122 Alberta Ltd., 1220 Kensington Road Corp., Macleod Place Holding Corp.",2019-12-10,Hardie & Kelly Inc.,Marc Kelly,403-777-9999,https://relieffromdebt.ca/iec-audeamus
"Fortress Global Enterprises Inc., Fortress Specialty Cellulose Inc., Fortress Bioenergy Ltd., Fortress Xylitol Inc. and 9217-6536 Québec Inc.",2019-12-16,Deloitte Restructuring Inc.,Jean-François Nadon,514-390-0959,http://www.insolvencies.deloitte.ca/Fortress
"Lydian International Limited, Lydian Canada Ventures Corporation and Lydian U.K. Corporation Limited",2019-12-23,Alvarez & Marsal Canada Inc.,Alan Hutchens,416-847-5159,www.alvarezandmarsal.com/lydian
"Nemaska Lithium Inc., Nemaska Lithium P1P Inc., Nemaska Lithium Shawinigan Transformation Inc., Nemaska Lithium Innovation Inc., Nemaska Lithium Whabouchi Mine Inc.",2019-12-23,PricewaterhouseCoopers Inc.,Christian Bourque,514-205-5434,www.pwc.com/ca/nemaskalithium
"101098672 Saskatchewan Ltd., Morris Industries Ltd., Morris Sales and Service Ltd., Contour Realty Inc. and Morris Industries (USA) Inc.",2020-01-08,Alvarez & Marsal Canada Inc.,Orest Konowalchuk,403-538-7555,www.alvarezandmarsal.com/morris
Quest University Canada,2020-01-16,PricewaterhouseCoopers Inc.,Neil Bunker,604-806-7209,www.pwc.com/ca/questu
SFP Canada Ltd.,2020-01-23,Richter Advisory Group Inc.,Adam Sherman,416-488-2345,https://www.richter.ca/insolvencycase/sfp-canada-ltd/
"Rebuts Solides Canadiens Inc., La Compagnie de Recyclage de Papiers MD Inc., Col Sel Transit Inc., Recy-Compact Inc. et Transport de Matières Recyclables Optimum Inc.",2020-02-03,PricewaterhouseCoopers Inc.,Philippe Jordan,604-806-7209,www.pwc.com/ca/rebutssolidescanadiens
1034179 B.C. Ltd.,2020-02-04,The Bowra Group Inc.,Mario Mainella,604-608-6244,https://www.bowragroup.com/1034179bcltd
Ontario Graphite Ltd.,2020-02-12,Deloitte Restructuring Inc.,Philip J. Reynolds,416-956-9200,www.insolvencies.deloitte.ca/en-ca/ogl
"Invictus MD Strategies Corp., Greener Pastures MD Ltd., Acreage Pharms Ltd., and 2015059 Alberta Ltd.",2020-02-13,PricewaterhouseCoopers Inc.,Michelle Grant,604-806-7184,www.pwc.com/ca/invictus
2607380 Ontario Inc.,2020-02-25,Richter Advisory Group Inc.,Paul Van Eyk,416-485-4592,https://www.richter.ca/insolvencycase/2607380-ontario-inc/
"Spectra Premium Industries Inc., Spectra Premium Holdings (USA) Corp., Spectra Premium (USA) Corp., Spectra Premium Properties (USA) Corp., Spectra Premium Taiwan Co. Ltd., Spectra Premium (Shanghai) Automotive Technical Services Co. Ltd. and Spectra Premium (Chongqing) Automotive Services Co. Ltd.",2020-03-10,Ernst & Young Inc.,Eric St-Amour,514-205-5434,http://www.ey.com/ca/spectra
"Pure Global Cannabis Inc., Puresinse Inc., 237A Advance Inc., 237B Advance Inc., SPRQ Health Group Corp., and The Great Canadian Hemp Company Ltd.",2020-03-19,Ernst & Young Inc.,Alexander Morrison,416-941-7743,https://www.ey.com/ca/pureglobal
"CannTrust Holdings Inc, CannTrust Inc., CTI Holdings (Osoyoos) Inc. and Elmcliffe Investments Inc.",2020-03-31,Ernst & Young Inc.,Alexander Morrison,416-941-7743,www.ey.com/ca/canntrust
"James E. Wagner Cultivation Corporation, James E. Wagner Cultivation Ltd., JWC 1 Ltd., JWC 2 Ltd., JWC Supply Ltd. and GrowthStorm Inc.",2020-04-01,KSV Kofman Inc.,Robert Kofman,416-932-6228,www.ksvadvisory.com/insolvency-cases/case/james-e-wagner-cultivation-corporation
Green Relief Inc.,2020-04-08,PricewaterhouseCoopers Inc.,Greg Prince,416-814-5752,www.pwc.com/ca/greenrelief
Delphi Energy Corp. and Delphi Energy (Alberta) Limited,2020-04-14,PricewaterhouseCoopers Inc.,Paul Darby,403-509-6677,www.pwc.com/ca/delphi
"Dominion Diamond Mines ULC, Dominion Diamond Delaware Company, LLC, Dominion Diamond Canada ULC, Washington Diamond Investments, LLC, Dominion Diamond Holdings, LLC and Dominion Finco Inc.",2020-04-22,FTI Consulting Canada Inc.,Deryck Helkaa,403-454-6035,http://cfcanada.fticonsulting.com/dominion/
Soccer Express Trading Corp. and Kahunaverse Sports Group Inc.,2020-04-30,PricewaterhouseCoopers Inc.,Neil Bunker,604-806-7209,www.pwc.com/ca/kahunaverse
JMB Crushing Systems Inc. and 2161889 Alberta Ltd.,2020-05-01,FTI Consulting Canada Inc.,Deryck Helkaa,403-454-6035,http://cfcanada.fticonsulting.com/jmb
"Développement Lachine Est Inc., Construction Frank Catania et Associés Inc., Les Développements Immobiliers F. Catania et Associés Inc., Groupe Frank Catania & Associés Inc., 7593724 Canada Inc., 3886735 Canada Inc., 4204930 Canada Inc., 4167601 Canada Inc., 4286567 Canada Inc. and 4127927 Canada Inc.",2020-05-07,Raymond Chabot Inc.,Jean Gagnon,514-879-1385,www.raymondchabot.com/en/companies/public-records/groupe-catania/
"The Aldo Group Inc., Southwest Capital Holdings Inc., Aldo U.S. Inc., Aldo Marketing LLC, Aldo Shoes West Forty Second, LLC, Aldo 1125 Third Ave Corp., 1230 Avenue of the Americas LLC, Aldo 5th Ave. Inc. and Aldo 250 West 125 Inc.",2020-05-07,Ernst & Young Inc.,Martin Rosenthal,514-879-6549,www.ey.com/ca/aldo
"Flighthub Group Inc., Flighthub Service Inc., SSFP Corp., Justfly Inc., Justfly Corp. and 11644670 Canada Inc.",2020-05-08,MNP Ltd.,Pierre Marchand,514-861-9714,www.mnpdebt.ca/en/corporate/engagements/flighthub-group
"Redrock Camps Inc., Sockeye Enterprises Inc., Sweetwater Hospitality Inc. and Baldr Construction Management Inc.",2020-05-13,BDO Canada Limited,Brian Veres,403-331-6368,https://www.bdo.ca/en-ca/extranets/redrock/
"ENTREC Corporation, Capstan Hauling Ltd., ENTREC Alberta Ltd., ENT Capital Corp., ENTREC Cranes & Heavy Haul Inc., ENTREC Holdings Inc., ENT Oilfield Group Ltd. and ENTREC Services Ltd.",2020-05-15,Alvarez & Marsal Canada Inc.,Anthony Tillman,604-639-0849,https://www.alvarezandmarsal.com/entrec
Reitmans (Canada) Limited,2020-05-19,Ernst & Young Inc.,Martin Rosenthal,514-879-6549,www.ey.com/ca/reitmans
"Green Growth Brands Inc., GGB Canada Inc., Green Growth Brands Realty Ltd. and Xanthic Biopharma Limited",2020-05-20,Ernst & Young Inc.,Sharon Hamilton,416-943-2153,www.ey.com/ca/ggbi
Cequence Energy Ltd. and 1175043 Alberta Ltd.,2020-05-29,Ernst & Young Inc.,Neil Narfason,403-206-5067,www.ey.com/ca/cequence
Port Capital Development (EV) Inc. and Evergreen House Development Limited Partnership,2020-05-29,Ernst & Young Inc.,Michael Bell,604-899-3566,www.ey.com/ca/terracehouse
Bow River Energy Ltd.,2020-06-01,BDO Canada Limited,Brian Veres,403-331-6368,https://www.bdo.ca/en-ca/extranets/bowriver/
"Comark Holdings Inc., Bootlegger Clothing Inc., Cleo Fashions Inc. and Ricki’s Fashions Inc.",2020-06-03,Alvarez & Marsal Canada Inc.,Alan Hutchens,416-847-5159,https://www.alvarezandmarsal.com/comarkholdings
Peraso Technologies Inc,2020-06-03,Ernst & Young Inc.,Brian Denega,416-943-3058,www.ey.com/ca/peraso
"Beleave Inc., Beleave Kannabis Corp., Seven Oaks Inc., 9334416 Canada Inc. O/A Medigreen and My-Grow, Beleave Kannabis Abbotsford Inc. and Beleave Kannabis Chilliwack Inc.",2020-06-05,Grant Thornton Limited,Daniel Wootton,416-360-3063,https://www.grantthornton.ca/beleave
957855 Alberta Ltd. (Formerly Newswest Inc.) and Rosebud Creek Financial Corp.,2020-06-17,KSV Kofman Inc.  Représentant : Robert Kofman  416-285-2050  https://www.ksvadvisory.com/insolvency-cases/case/metro360,,,
"1057863 BC Ltd., Northern Resources Nova Scotia Corporation, Northern Pulp Nova Scotia Corporation, Northern Timber Nova Scotia Corporation, 3253527 Nova Scotia Limited, 3243722 Nova Scotia Limited and Northern Pulp NS GP ULC",2020-06-19,Ernst & Young Inc.,Holly Palmer,604-889-3583,www.ey.com/ca/northernpulp
The Clover on Yonge Inc. and The Clover on Yonge Limited Partnership,2020-06-22,PricewaterhouseCoopers Inc.,Mica Arlette,416-814-5834,www.pwc.com/ca/clover-ccaa
GFA World,2020-06-26,PricewaterhouseCoopers Inc.,Michael McTaggart,416-687-8924,www.pwc.com/ca/gfaworld
Roberts Company Canada Limited,2020-06-29,Richter Advisory Group,"Sherman, Adam Daniel",905-881-7573,https://www.richter.ca/insolvencycase/roberts-company-canada-limited/
Cirque Du Soleil Canada Inc. et al.,2020-06-30,Ernst & Young Inc.,Martin Rosenthal,514-879-6549,www.ey.com/ca/cirque
Korite International Inc.,2020-06-30,BDO Canada Limited,Brian Veres,403-331-6368,https://www.bdo.ca/en-ca/extranets/korite/
"Northern Silica Corporation, Heemskirk Mining PTY. Ltd., Heemskirk Canada Holdings Limited, Heemskirk Canada Limited, Custom Bulk Services Inc., and HCA Mountain Minerals (Moberly) Limited",2020-06-30,Alvarez & Marsal Canada Inc.,Orest Konowalchuk,403-538-4736,www.alvarezandmarsal.com/northernsilica
Constructions Louisbourg Ltée,2020-07-08,Raymond Chabot Inc.,Jean Gagnon,514-879-1385,www.raymondchabot.com/fr/entreprises/dossiers-publics/constructions-louisbourg-ltee-2/
DAVIDsTEA Inc. DAVIDsTEA (USA) Inc.,2020-07-08,PricewaterhouseCoopers Inc.,Claudio Filippone,514-205-5000,www.pwc.com/ca/davidstea
"Simard-Beaudry Construction Inc., Gestion Accuvest Inc., 9054-9999 Quebec Inc., 9147-1730 Quebec Inc., 9232-4656 Quebec Inc.",2020-07-08,RAYMOND CHABOT INC.,"GAGNON, JEAN",514-879-1385,https://www.raymondchabot.com/fr/entrepr ises/dossiers-publics/simard-beaudry-con struction-inc/
Stokes Inc.,2020-07-27,Richter Advisory Group Inc.,Olivier Benchaya,514-934-8618,https://www.richter.ca/insolvencycase/stokes-inc/
Magasin Laura (P.V.) Inc. / Laura's Shoppe (P.V.) Inc.,2020-07-31,KPMG Inc.,Dev A. Coossa,514-840-2555,https://home.kpmg/ca/en/home/services/advisory/deal-advisory/creditorlinks/lauras-shoppe-pv-inc-2020.html
Tribalscale Inc.,2020-07-31,MNP Ltd.,Sheldon Title,416-263-6945,https://mnpdebt.ca/en/corporate/corporate-engagements/tribalscale-inc
Guardian Financial Corp. and other entities listed on Schedule A,2020-08-31,KSV Kofman Inc.,Robert Kofman,416-932-6228,https://www.ksvadvisory.com/insolvency-cases/case/rgn-national-business-centers
Ernest Enterprises (Mtl) Ltd. / Les Entreprises Ernest (Mtl) Ltée,2020-09-04,Ernst & Young Inc.,Martin Rosenthal,514-879-6549,www.ey.com/ca/ernest
"UrtheCast Corp., UrtheCast International Corp., Urthecast USA Inc, 1185729 B.C. Ltd. et al.",2020-09-04,Ernst & Young Inc.,Philippe Mendelson,604-891-8491,www.ey.com/ca/urthecast
"Glenogle Energy Inc., 1651558 Alberta Ltd. and Glenogle Energy LP",2020-09-08,Ernst & Young Inc.,Neil Narfason,403-206-5067,www.ey.com/ca/glenogleenergy
"Groupe Dynamite Inc., GRG USA Holdings Inc. and GRG USA LLC",2020-09-08,Deloitte Restructuring Inc.,Jean-Francois Nadon,514-390-0959,www.insolvencies.deloitte.ca/GDI
Mountain Equipment Co-operative and 1314625 Ontario Limited,2020-09-14,Alvarez & Marsal Canada Inc.,Todd Martin,604-872-7858,www.alvarezandmarsal.com/MEC
Pharmhouse Inc.,2020-09-15,Ernst & Young Inc.,Alexander Morrison,416-941-7743,www.ey.com/ca/pharmhouse
"Hematite Holdings Inc., Hematite Manufacturing Inc., Hematite Industrial Products Inc., Canadian Pavaco Inc., Pavaco Holdings U.S. Inc., Hematite Inc. and Hematite Automotive Products Inc.",2020-09-18,KPMG Inc.,Katherine Forbes,416-777-8107,https://home.kpmg/ca/hematitegroup
"JMX Contracting Inc., JMX National Inc., BRND Properties Inc., and JMX Leasing Inc. (collectively, the “JMX Group”)",2020-09-29,Crowe Soberman Inc.,Hans Rizarri,416-929-2500,https://www.crowesobermaninc.com/insolvency/insolvency-cases/jmx-group/
Creditloans Canada Financing Inc. and Creditloans Canada Capital Inc.,2020-09-30,BDO Canada Limited,Ilya Margulis,604-646-4395,https://www.bdo.ca/en-ca/extranets/creditloans/
"Sunniva Inc., Sunniva Medical Inc., 111111035 Canada Inc. and 1167025 BC Ltd.",2020-10-09,Alvarez & Marsal Canada Inc.,Anthony Tillman,604-639-0849,https://www.alvarezandmarsal.com/sunniva
Express Gold Refining Ltd.,2020-10-15,Deloitte Restructuring Inc.,Philip J. Reynolds,416-956-9200,www.insolvencies.deloitte.ca/en-ca/ExpressGoldRefiningLtd
Le Château Inc. and Château Stores Inc.,2020-10-23,PricewaterhouseCoopers Inc.,Claudio Filippone,514-205-5000,https://www.pwc.com/ca/en/services/insolvency-assignments/le-chateau.html
Muskoka Grown Limited,2020-11-04,A. Farber & Partners Inc.,Gary Lifman,416-497-0150,https://farbergroup.com/engagements/muskoka-grown/
"King Street Company Inc., The King Street Hospitality Group Inc., Bonta Trading Co. Inc., 2268218 Ontario Inc., 1733667 Ontario Limited, The King Street Food Company Inc., The King Street Restaurant Company Inc., 2112047 Ontario Ltd., Ji Yorkdale Inc., Ji Square One Inc., 1771669 Ontario Inc. , Cxbo Inc., 2608765 Ontario Inc., 2272224 Ontario Inc., 2327729 Ontario Inc., 2577053 Ontario Inc., 2584858 Ontario Inc., 2621298 Ontario Inc., 2641784 Ontario Inc., and 2656966 Ontario Inc.",2020-11-06,MNP Ltd.,Sheldon Title,416-263-6945,https://mnpdebt.ca/en/corporate/corporate-engagements/king-street-restaurant-group
Cambridge Group Inc.,2020-12-11,Grant Thornton Limited,Dan Wootton,416-360-3063,www.grantthornton.ca/cambridge/
Boutique Tristan & Iseut Inc.,2021-01-20,MNP Ltd.,Gaetano Di Guglielmo,514-228-7888,https://mnpdebt.ca/en/corporate/corporate-engagements/boutique-tristan-iseut-inc-ccaa/
"FIGR Brands, Inc., Canada's Island Garden Inc., and FIGR Norfolk Inc.",2021-01-21,FTI Consulting Canada Inc.,Jeffrey Rosenberg,416-649-8100,http://cfcanada.fticonsulting.com/figr
"Yatsen Group of Companies Inc., SAR Real Estate Inc. et al.",2021-01-25,Alvarez & Marsal Canada Inc.,Alan Hutchens,416-847-5159,www.alvarezandmarsal.com/YatsenGroup
Kanwal Inc. and 9058-0150 Quebec Inc.,2021-01-29,PricewaterhouseCoopers Inc.,Philippe Jordan,514-205-5232,www.pwc.com/ca/kanwal
Laurentian University of Sudbury,2021-02-01,Ernst & Young Inc.,Sharon Hamilton,416-943-2153,www.ey.com/ca/laurentian
"Calgary Oil & Gas Syndicate Group Ltd., Calgary Oil and Gas Intercontinental Group Ltd., T5 SC Oil and Gas Limited Partnership, Calgary Oil and Syndicate Partners Ltd. and Petroworld Energy Ltd.",2021-02-11,BDO Canada Limited,Marc Kelly,403-777-9999,www.bdo.ca/en-ca/extranets/calgaryoilandgas/
"TGF Acquisition Parent Ltd., Sun Rich Fresh Foods Inc. & Tiffany Gate Foods Inc.",2021-02-17,Ernst & Young Inc.,Alexander Morrison,416-941-7743,www.ey.com/ca/freshfoodcanada
"Atis Group Inc., 10422916 Canada Inc., 8528853 Canada Inc., 9060642 Canada Inc., 9092455 Canada Inc., Distributeur Vitro Clair Inc., Solarcan Architectural Holding Limited, Vitrerie Lévis Inc., and Vitrotec Portes & Fenêtres Inc.",2021-02-19,Raymond Chabot Inc.,Dominic Deslandes,438-858-3499,https://www.raymondchabot.com/fr/entreprises/dossiers-publics/atis/
Ardenton Capital Corporation and Ardenton Capital Bridging Inc.,2021-03-05,KSV Restructuring Inc.,Robert Kofman,416-932-6228,https://www.ksvadvisory.com/insolvency-cases/case/ardenton-capital-corporation
"Just Energy Group Inc., Just Energy Corp., Ontario Energy Commodities Inc., Universal Energy Corporation, Just Energy Finance Canada ULC, Hudson Energy Canada Corp., Just Management Corp., Just Energy Finance Holding Inc., 11929747 Canada Inc., 12175592 Canada Inc., JE Services Holdco I Inc., JE Services Holdco II Inc., 8704104 Canada Inc., Just Energy Advanced Solutions Corp., Just Energy (U.S.) Corp., Just Energy Illinois Corp, Just Energy Indiana Corp., Just Energy Massachusetts Corp., Just Energy New York Corp., Just Energy Texas I Corp., Just Energy, LLC, Just Energy Pennsylvania Corp., Just Energy Michigan Corp., Just Energy Solutions Inc., Hudson Energy Services LLC, Hudson Energy Corp., Interactive Energy Group LLC, Hudson Parent Holdings LLC, Drag Marketing LLC, Just Energy Advanced Solutions LLC, Fulcrum Retail Energy LLC, Fulcrum Retail Holdings LLC, Tara Energy, LLC, Just Energy Marketing Corp., Just Energy Connecticut Corp., Just Energy Limited, Just Solar Holdings Corp., and Just Energy (Finance) Hungary ZRT.",2021-03-09,FTI Consulting Canada Inc.,Paul Bishop,1-844-669-6340,http://cfcanada.fticonsulting.com/justenergy/
"Hydrx Farms Ltd., Cannscience Innovations Inc. and Scientus Pharma Inc.",2021-03-22,Schwartz Levitsky Feldman Inc.,Alan Page,416-785-5353,http://www.slfinc.ca/corporate/engagements/
EncoreFX Inc.,2021-03-30,Ernst & Young Inc.,Michael Bell,604-899-3566,www.ey.com/ca/encorefx
Coalspur Mines (Operations) Ltd.,2021-04-26,FTI Consulting Canada Inc.,Deryck Helkaa,403-454-6035,http://cfcanada.fticonsulting.com/coalspur/
Bioénergie AE Côte-Nord Canada Inc.,2021-05-05,Raymond Chabot Inc.,Robert Kofman,418-647-3078,https://www.raymondchabot.com/fr/entreprises/dossiers-publics/bioenergie-ae-cote-nord-canada-inc/
Salt Bush Energy Ltd. and 2345141 Alberta Ltd.,2021-05-19,Deloitte Restructuring Inc.,Robert Taylor,403-267-0501,https://www.insolvencies.deloitte.ca/en-ca/pages/Salt-Bush-Energy-Ltd.aspx
Clearbeach Resources Inc. and Forbes Resources Corp.,2021-05-26,MNP Ltd.,Rob Smith,519-964-2212,www.mnpdebt.ca/clearbeach
Spartan Bioscience Inc.,2021-06-21,Ernst & Young Inc.,Gregory Adams,613-232-1511,www.ey.com/ca/spartan
Abbey Resources Corp.,2021-08-13,MNP Ltd.  Representative : Victor P. Kroeger  1-403-298-8479  http://mnpdebt.ca/en/corporate/corporate-engagements/abbey-resources-corporation,,,
Plus Products Inc.,2021-09-13,PRICEWATERHOUSECOOPERS INC.,"WHELDON, CLAIRE",604-806-7154,www.pwc.com/ca/en/services/insolvency-assignments/plus-products.html
McEwan Enterprises Inc.,2021-09-28,ALVAREZ & MARSAL CANADA INC.,"Greg, Karpel",416-847-5170,http://www.alvarezandmarsal.com/McEwanEnterprises
Medifocus Inc.,2021-10-07,MSI SPERGEL INC.,"MANCHANDA, MUKUL",416-498-4314,https://www.spergelcorporate.ca/engagements/medifocus-inc/
"Boreal Capital Partners Ltd. JRB-331 Sheddon Holdings Ltd., 2123068 Ontario Limited, JRB-109 Reynolds Holdings Ltd., JRB-339 Church Holdings Ltd., JRB-147 Church Holdings Ltd.",2021-11-25,ERNST & YOUNG INC.,"MORRISON, ALEXANDER",416-941-7743,http://www.ey.com/ca/boreal
"Otso Gold Corp., Otso Gold OY, Otso Gold AB, 2273265 Alberta Ltd.",2021-12-03,Deloitte Restructuring INC.,"Mckie, Melinda",604-640-3253,https://www.insolvencies.deloitte.ca/en-ca/pages/OtsoGoldCorp.aspx
Harte Gold Corp.,2021-12-07,FTI Consulting Canada Inc.,Meakin Nigel,416-649-8065,http://cfcanada.fticonsulting.com/
Kaisen Energy Corp.,2021-12-08,ERNST & YOUNG INC.,"Narfason, Neil",403-206-5067,http://www.ey.com/ca/kaisenenergy
"Blackrock Metals Inc., Blackrock Mining Inc., BRM Metals GP Inc. and Blackrock Metals LP",2021-12-23,DELOITTE RESTRUCTURINGINC/RESTRUCTURATION DELOITTE INC,"CLOUÂTRE, BENOÎT",514-393-5391,http://www.insolvencies.deloitte.ca/blackrockmetals
"Rising Phoenix International Inc., 10864285 Canada Inc. (M College of Canada), 11753436 Canada Inc., CDSQ Immobilier Inc., Collège de L’éstrie Inc., École D’administration et de Secrétariat de la Rive Sud Inc., 9437-6845 Québec Inc., 9437-6852 Québec Inc.",2022-01-06,Richter Advisory Group Inc.,Oliver Benchaya,514-934-8618,https://www.richter.ca/insolvencycase/rising-phoenix-international-inc/
Trinity Ravine Community Inc.,2022-02-23,Deloitte Restructuring Inc.,Toni Vanderlaan,416-354-0501,http://www.insolvencies.deloitte.ca/en-ca/trinityravine
"Canada Fluorspar (NL) Inc., Canada Fluorspar Inc. and Newspar (a General Partnership)",2022-03-11,Grant Thornton Limited,Phil Clarke,902-420-7191,http://www.GrantThornton.ca/CFI
"Eve & Co Incorporated, Natural Medco Ltd. and Eve and Co International Holdings Ltd.",2022-03-25,BDO Canada Limited,Stephen Cherniak,519-660-2666,http://www.bdo.ca/
"ALDERBRIDGE WAY LIMITED PARTNERSHIP, ALDERBRIDGE WAY GP LTD. AND 0989705 B.C. LTD.",2022-04-01,The Bowra Group Inc.,Mario Mainella,604-689-8939,http://www.bowragroup.com/client/atmosphere/
Hazelton Development Corporation,2022-04-20,Grant Thornton Limited,Dan Wootton,416-360-3063,www.GrantThornton.ca/Hazelton
Choom Holdings Inc. Choom BC Retail Holdings Inc; 2151414 Alberta Ltd.; 2688412 Ontario Inc.; Phivida Holdings Ltd,2022-04-22,Ernst & Young Inc.,Philippe Mendelson,604-891-8491,http://www.ey.com/ca/Choom
Freshlocal Solutions Inc. Sustainable Produce Urban Delivery Inc. 569672 BC Limited Organics Express Inc. Mainland Fresh Distribution Inc. Food-X Urban Delivery Inc. Food-X Technologies Inc. Food-X Technologies GP Inc. Food-X Technologies (eGMS) Inc. Be Fresh (AB) Inc. Blush Lane Organic Produce Ltd. FoodX Technologies SA Food-X Technologies Limited Partnership,2022-05-16,Ernst & Young Inc.,Philippe Mendelson,604-891-8491,http://www.ey.com/ca/freshlocal
"MJardin Group, Inc., Growforce Holdings Inc., 8586985 Canada Corporation, and Highgrade MMJ Corporation",2022-05-17,KSV Restructuring Inc.,Noah Goldstein,416-932-6207,https://www.ksvadvisory.com/experience/case/mjardin-groupinc
Roman Catholic Episcopal Corporation of St. John,2022-05-17,Ernst & Young Inc.,"KINSMAN, GEORGE  (",902) 421-6282,http://www.ey.com/ca/rcecsj
Canadian Dehua International Mines Group Inc.,2022-06-03,FTI Consulting Canada Inc.,"Munro, Craig",403-232-6270,http://cfcanada.fticonsulting.com/CanadianDehuaInternational
"ZENABIS GLOBAL INC., ZGI ACQUISITION CORP., ZENABIS INVESTMENTS LTD., ZENABIS REAL ESTATE HOLDINGS LTD., ZENABIS ANNACIS LTD., ZENABIS ATHOLVILLE LTD., ZENABIS STELLARTON LTD., ZENABIS HOUSING LTD., ZENABIS IP HOLDINGS LTD., ZENABIS RETAIL HOLDINGS LTD., ZENABIS VENTURES INC., ZENABIS OPERATIONS LTD., ZENABIS LTD., VIDA CANNABIS (CANADA) LTD., ZENABIS HEMP COMPANY LTD., ZEN CRAFT GROW LTD.",2022-06-17,Ernst & Young Inc.,Eric St-Amour,514-879-8224,www.ey.com/ca/zenabis
Sproutly Inc. and Toronto Herbal Remedies Inc.,2022-06-24,BDO Canada Limited,Clark Lonergan,647-730-0934,https://www.bdo.ca/en-ca/extranets/SI-and-toronto-herbal-remedies/
Intelivote Systems Inc.,2022-07-14,Grant Thornton Limited,"MacNeil, Sean Craig",902-453-6600,www.grantthornton.ca/Intelivote
"MPX International Corporation, BioCannabis Products Ltd., Canveda Inc., The CinG-X Corporation, Spartan Wellness Corporation, MPXI Alberta Corporation, MCLN Inc., and Salus BioPharma Corporation",2022-07-25,KSV Restructuring Inc.,Noah Goldstein,416-932-6207,https://www.ksvadvisory.com/insolvency-cases/case/MPXI
Speakeasy Cannabis Club Ltd.,2022-07-27,Crowe MacKay & Company Ltd.,Lai. Derek,604-689-3928,https://www.crowemackayco.ca/engagements/recent-engagements
"NORTH AMERICAN LAMB COMPANY LTD. , CANADA SHEEP AND LAMB FARMS LTD., CANADA SHEEP HOLDINGS LTD., LAMB CLUB MARKETING LIMITED., CANADA LAMB GROWERS LTD., CANADA LAMB PROCESSORS LTD., AND CANINE FARE LTD.",2022-08-08,Ernst & Young Inc.,Neil Narfason  (,403) 206-5067,www.ey.com/ca/NALCO
9298-9524 Québec Inc. ET Relance D.P. Inc.,2022-08-17,MALLETTE SYNDICS ET GESTIONNAIRES INC.,Eric Pronovost,418-653-4431,https://syndics.mallette.ca/dossier-public/relance-d-p-inc/
Medipure Pharmaceuticals Inc. and Medipure Holdings Inc.,2022-08-19,Deloitte Restructuring Inc.,Jeff Keeble,604-235-4197,https://www.insolvencies.deloitte.ca/en-ca/Pages/Medipure
Trevali Mining Corporation and Trevali Mining (New Brunswick) Ltd.,2022-08-19,FTI Consulting Canada Inc.,Tom Powell,604-551-9881,cfcanada.fticonsulting.com/Trevali
"Superette Inc, Superette Ontario Inc, 2659198 Ontario Inc., 2662133 Ontario Inc., 2662134 Ontario Inc. and 2662135 Ontario Inc.",2022-08-30,PRICEWATERHOUSECOOPERS INC.,"MCTAGGART, MICHAEL",416-687-8924,https://www.pwc.com/ca/superette
"ENDOCEUTICS INC., ENDOCEUTICS PHARMA (MSH) INC., ENDOCEUTICS PHARMA (QUÉBEC) INC. ENDOCEUTICS PHARMA (USA) INC. ENDOCEUTICS SA",2022-09-26,ERNST & YOUNG INC.,Martin P. Rosenthal,514-879-6549,cfcanada.fticonsulting.com/Trevali
SUGARBUD CRAFT GROWERS CORP.,2022-09-29,ALVAREZ & MARSAL CANADA INC.,Orest Konowalchuk,403-538-4736,https://www.alvarezandmarsal.com/sugarbud
Xebec Adsorption Inc.,2022-09-29,Deloitte Restructuring Inc.,"NADON, JEAN-FRANÇOIS",514-390-0959,https://www.insolvencies.deloitte.ca/en-ca/pages/Xebec.aspx
Great Panther Mining Limited,2022-10-04,ALVAREZ & MARSAL CANADA INC.,"TILLMAN, ANTHONY JOSEPH",604-639-0849,https://www.alvarezandmarsal.com/GPR
"Edward Collins Contracting Ltd., Classic Security Ltd., FGC Holdings Ltd., H & E Designs Ltd., and 51037 Newfoundland & Labrador Inc.",2022-10-05,GRANT THORNTON LIMITED,"CLARKE, PAUL PHILIP",902-420-7191,http://www.grantthornton.ca/ECC
"Flower One Holdings Inc., FO Labour Management Ltd. & Flower One Corp.",2022-10-17,PRICEWATERHOUSECOOPERS INC.,Michelle Grant,604-806-7184,http://www.pwc.com/ca/FONE
Flowr Corporation,2022-10-20,ERNST & YOUNG INC.,"MORRISON, ALEXANDER",416-941-7743,https://documentcentre.ey.com/#/detail-engmt?eid=506
Pure Gold Mining Inc.,2022-10-31,KSV Restructuring Inc.,Bobby David Kofman,416-932-6228,https://www.ksvadvisory.com/experience/case/pure-gold-
CANNAPIECE GROUP INC.,2022-11-03,BDO Canada Limited,Clark Lonergan,416-865-0210,https://www.bdo.ca/en-ca/extranets/cannapiece
Trichome Financial Corp.; Trichome JWC Acquisition Corp.; MYM Nutraceuticals Inc.; Trichome Retail Corp.; MYM International Brands Inc. and Highland Grow Inc.,2022-11-07,KSV RESTRUCTURING INC.,"GOLDSTEIN, NOAH",416-932-6207,https://www.ksvadvisory.com/experience/case/trichome
Groupe Selection Inc. et al.,2022-11-21,"PricewaterhouseCoopers Inc., SAI",Christian Bourque,514-865-0002,www.pwc.com/ca/groupeselection
Springer Aerospace Holdings Limited And 1138969 Ontario Inc.,2022-11-23,MNP Ltd.,Sheldon Title,416-263-6945,https://mnpdebt.ca/en/corporate/corporat e-engagements/springeraerospace/
Lightbox Enterprises Ltd,2022-11-24,Ernst & Young Inc.,Michael Bell,604-899-3566,https://www.ey.com/ca/lightbox
"Manitoba Clinic Medical Corp, and The Manitoba Clinic Holding Co. Ltd.",2022-11-30,Alvarez & Marsal Canada Inc.,Orest Konowalchuk,403-538-7555,https://www.alvarezandmarsal.com/manitobaclinic
iS5 Communications Inc.,2022-12-01,Grant Thornton Limited,Dan Wootton,416-360-3063,https://www.grantthornton.ca/iS5
"Midnight Integrated Financial Inc., Tower Adventures Ltd., Booker Adventure Corp., and Comstock Adventure Corp.",2022-12-05,ERNST & YOUNG INC.,Matt McCulloch,780-638-6642,https://documentcentre.ey.com/#/detail-engmt?eid=509
DCL Corporation,2022-12-20,ALVAREZ & MARSAL CANADA INC.,"NEVSKY, JOSHUA BRETT",416-847-5161,https://www.alvarezandmarsal.com/DCLCanada
LABORATOIRES BODYCAD INC.,2022-12-22,RAYMOND CHABOT INC.,"FONTAINE, BENOIT",514-390-4195,https://www.raymondchabot.com/fr/entreprises/dossiers-publics/laboratoires-bodycad-inc/
"Inscape Corporation, Inscape Inc., and Inscape (New York) Inc.",2023-01-12,ALVAREZ & MARSAL CANADA INC.,"NEVSKY, JOSHUA BRETT",416-847-5161,https://www.alvarezandmarsal.com/InscapeCorporation
Les Investissements de l'Estrie inc. et al.,2023-01-20,RAYMOND CHABOT INC.,Emmanuel Phaneuf,514-393-4826,https://www.raymondchabot.com/fr/entreprises/dossiers-publics/les-investissements-de-lestrie-inc-et-al/
Tehama Inc.,2023-01-20,Deloitte Restructuring Inc.,Phil Reynolds,647-620-2996,https://www.insolvencies.deloitte.ca/en-ca/pages/Tehama-Inc.aspx
Acerus Pharmaceuticals Corporation,2023-01-26,Ernst & Young Inc.,Alex Morrison,416-941-7743,https://www.ey.com/ca/acerus
ORIGINAL TRADERS ENERGY LTD.,2023-01-30,KPMG INC.,"FORBES, KATHERINE",416-777-8107,http://home.kpmg/ca/OTEGroup
"Forex Inc., Forex Amos Inc., Wawa OSB Inc.",2023-02-07,PRICEWATERHOUSECOOPERS INC.,"FILIPPONE, CLAUDIO",514-205-5000,https://www.pwc.com/ca/forex
BBB Canada Ltd.,2023-02-10,Alvarez & Marsal Canada Inc.,Alan John Hutchens,416-847-5159,https://www.alvarezandmarsal.com/BBBCanada
Polar Holding Ltd.,2023-02-10,BDO CANADA LIMITED / BDO CANADA LIMITÉE,Brent Warga,204-956-7200,https://www.bdo.ca/services/financial-advisory-services/business-restructuring-turnaround-services/current-engagements/AccurateGroup
Rambler Metals and Mining Canada and 1948565 Ontario Inc.,2023-02-27,GRANT THORNTON LIMITED,"CLARKE, PAUL PHILIP",902-421-1734,https://www.grantthornton.ca/Rambler
"Nordstrom Canada Retail, Inc., Nordstrom Canada Holdings, LLC, Nordstrom Canada Holdings II, LLC, Nordstrom Canada Leasing LP",2023-03-02,Alvarez & Marsal Canada Inc.,Alan John Hutchens,416-847-5159,https://www.alvarezandmarsal.com/NordstromCanada
CanWest Aerospace Inc. and Can West Global Airparts Inc.,2023-03-08,FTI CONSULTING CANADA INC.,"MUNRO, CRAIG ANDREW",877-876-7756,http://cfcanada.fticonsulting.com/CWA/
"Dynamic Technologies Group Inc., Dynamic Attractions Ltd., Dynamic Entertainment Group Ltd., Dynamic Attractions Inc. and Dynamic Structures Ltd.",2023-03-09,FTI CONSULTING CANADA INC.,Deryck Helkaa,416-366-7227,http://cfcanada.fticonsulting.com/dynamicgroup/
"LoyaltyOne, Co.",2023-03-10,KSV RESTRUCTURING INC.,"Goldstein, Noah",416-932-6207,https://www.ksvadvisory.com/experience/case/loyaltyone
"1195407 B.C. Ltd., Canada Drives Ltd., USA Drives Ltd., and Canada Drives Auto Finance Ltd.",2023-03-20,PRICEWATERHOUSECOOPERS INC.,"Bunker, Neil Phillips",604-806-7209,http://www.pwc.com/ca/canada-drives
"FIELD TRIP HEALTH & WELLNESS LTD., FIELD TRIP HEALTH HOLDINGS INC., FIELD TRIP HEALTH CANADA INC., FIELD TRIP DIGITAL CANADA INC. and FIELD TRIP HEALTH USA INC.",2023-03-22,PRICEWATERHOUSECOOPERS INC.,"PRINCE, GREGORY NORMAN",416-814-5752,https://www.pwc.com/ca/fieldtrip
Magna Gold Corp.,2023-03-27,KSV RESTRUCTURING INC.,"GOLDSTEIN, NOAH",416-932-6207,https://www.ksvadvisory.com/experience/case/magnagold
"PHOENA HOLDINGS INC., PHOENA INC., ELMCLIFFE INVESTMENTS INC., ELMCLIFFE INVESTMENTS [NO. 2] INC., and CTI HOLDINGS (OSOYOOS) INC.",2023-04-01,ERNST & YOUNG INC.,"MORRISON, ALEXANDER",416-941-7743,www.ey.com/ca/phoena
"GreenSpace Brands Inc., Love Child (Brands) Inc., Central Roast Inc., and Life Choices Natural Food Corp",2023-04-06,PricewaterhouseCoopers Inc.,Michelle Pickett,416-815-5002,https://www.pwc.com/ca/greenspace
Donmar Properties Ltd. 10058984 Manitoba Ltd.,2023-04-18,ERNST & YOUNG INC.,"VENETSANOS, PETER",604-891-8200,http://www.ey.com/ca/DonmarProperties
"J. W. Carr Holding Ltd., Spruce Grove Industrial Park Inc., 272649 Alberta Ltd., 279896 Alberta Ltd., Grande Prairie Place Enterprises (1996) Inc., 1170292 Alberta Ltd. and 627612 Alberta Ltd.",2023-04-19,ERNST & YOUNG INC.,"MCCULLOCH, MATTHEW VICTOR B.",780-638-6642,http://www.ey.com/ca/jwcarr
"IMV Inc., Immunovaccine Technologies Inc. and IMV USA Inc.",2023-05-01,FTI CONSULTING CANADA INC.,"ROSENBERG, JEFFREY RICHARD",416-649-8073,http://cfcanada.fticonsulting.com/imv
Plant-Based Investment Corp.,2023-05-01,MSI SPERGEL INC,"MANCHANDA, MUKUL  (",416) 498-4314,https://www.spergelcorporate.ca/engagements/plant-based-investment-corp/
Centre de distribution Transrapide Inc.,2023-05-03,DELOITTE RESTRUCTURING INC/RESTRUCTURATION DELOITTE INC,"VINCENT, ÉRIC",418-624-5378,http://www.insolvencies.deloitte.ca/Transrapide
ÉBÉNISTERIE ST-URBAIN LTÉE; ET WOODLORE INTERNATIONAL INC.,2023-05-12,RAYMOND CHABOT INC.,"DESLANDES, DOMINIC",514-393-4725,https://www.raymondchabot.com/fr/entreprises/dossiers-public/woodlore-ebsu/
CAPCIUM INC. ET GELCAN CORPORATION INC,2023-05-17,RAYMOND CHABOT INC.,"DESLANDES, DOMINIC",514-393-4725,https://www.raymondchabot.com/fr/entreprises/dossiers-publics/capcium-inc-et-al/
"Gesco Industries Inc., Gesco GP ULC and Tierra Sol Ceramic Tile Ltd.",2023-05-19,PRICEWATERHOUSECOOPERS INC.,Michelle Pickett,416-815,5002  https://www.pwc.com/ca/gesco
Chalice Brands Ltd.,2023-05-23,KSV RESTRUCTURING INC.,"GOLDSTEIN, NOAH",416-932-6207,https://www.ksvadvisory.com/experience/case/chalice-brands-ltd
"Donnelly Holdings Ltd, Academic Public House Enterprises Ltd., Barber & Co Enterprises Ltd., Belfast Love Enterprises Ltd, Bomber Investments Ltd., Butcher & Bullock Enterprises Ltd., Cinema Public House Ltd., Clough Club Enterprises Ltd., Death & Taxes Enterprises Ltd., Donnelly Hospitality Management Co., Donnelly Public Houses Inc., Granville Room Enterprises Ltd., Hello Goodbye Enterprises Ltd., Hi-Standard Cleaning Co Ltd., Isabelle’s Enterprises Ltd., Lamplighter Enterprises Ltd., Sing Sing Beer Bar Enterprises Ltd., Stock Room Enterprises Ltd., Three Brits Enterprises Ltd., Wairus Enterprises Ltd.",2023-05-23,Ernst & Young Inc.,"Eckford, Jason",604-648-3671,www.ey.com/ca/dph
Fire & Flower Holding Corp,2023-06-05,FTI CONSULTING CANADA INC.,"ROSENBERG, JEFFREY RICHARD",780-540-7518,http://cfcanada.fticonsulting.com/fireandflower.com/
"Swarmio Media Holdings Inc., Swarmio Inc. and Swarmio Media Inc.",2023-06-21,Grant Thornton Limited,Dan Wootton,416-932-6228,www.grantthornton.ca/Swarmio
Independent Energy Corp.,2023-06-22,ERNST & YOUNG INC.,"NARFASON, NEIL",780-540-7518,http://www.ey.com/ca/IEC
"Wallace & Carey Inc., Loudon Bros Limited and Carey Management Inc.",2023-06-22,KSV RESTRUCTURING INC.,"KOFMAN, ROBERT DAVID",416-932-6228,https://www.ksvadvisory.com/experience/case/wallace-and-carey
"PERATIV GENERAL PARTNERSHIP, PERATIV HOLDINGS LIMITED, PERATIV SOLUTIONS INC., PERATIV PARTNERCO LIMITED, SARATOGA ATM ARMORED SERVICES INC.",2023-07-03,PRICEWATERHOUSECOOPERS INC.,"JORDAN, PHILIPPE",514-205-5232,https://www.pwc.com/ca/perativ
"Groupe Airmedic Inc. 12378744 Canada Inc., 9386149 Canada Inc., Capital Aviation Inc., Airmedic Interh Inc., Airmedic Medical Inc., Airmedic Inc.",2023-07-13,DELOITTE RESTRUCTURING INC/RESTRUCTURATION DELOITTE INC,"CLOUÂTRE, BENOÎT",514-393-5391,https://www.insolvencies.deloitte.ca/fr-ca/pages/Groupe-Airmedic-Inc.aspx
JOSEPH RICHARD HOSPITALITY GROUP LTD AND PARTIES LISTED ON SCHEDULE A,2023-07-17,MNP LTD / MNP LTÉE,"MAINELLA, MARIO",604-608-6244,www.mnpdebt.ca/en
Bron Media Corp. and 43 Entities at Schedule A of Initial Order,2023-07-19,Grant Thornton Limited,"Wentzell, Mark Everett",604-687-2711,https://www.grantthornton.ca/en/service/advisory/creditor-updates/#bron-media-group
Big Eric Inc. and Terra Nova Old Port Foods Inc.,2023-07-20,Grant Thornton Limited,Phil Clarke,902-491-7704,www.GrantThornton.ca/BigErics
"ALEAFIA HEALTH INC., EMBLEM CORP., EMBLEM CANNABIS CORPORATION, EMBLEM REALTY LTD., GROWWISE HEALTH LIMITED, CANABO MEDICAL CORPORATION, ALEAFIA INC., ALEAFIA FARMS INC., ALEAFIA BRANDS INC., ALEAFIA RETAIL INC., 2672533 ONTARIO INC., and 2676063 ONTARIO INC.",2023-07-25,KSV Restructuring Inc.,"Goldstein, Noah",416-932-6207,https://www.ksvadvisory.com/insolvency-cases/case/aleafia
"NextPoint Financial, Inc and the entities listed in Schedule A",2023-07-25,FTI CONSULTING CANADA INC.,Thomas Powell,604-484-9525,http://cfcanada.fticonsulting.com/nextpoint
"LIGHTHOUSE IMMERSIVE INC. AND LIGHTHOUSE IMMERSIVE USA, INC.",2023-07-27,B. Riley Farber Inc.,"LEVY, HYLTON BRETT",416-496-3070,https://farbergroup.com/engagements/lighthouse-immersive/
"LABORATOIRES C.O.P. INC., 9327-6269 QUEBEC INC., IDEAL PROTEIN OF AMERICA, INC. AND PHARMALAB INC.",2023-08-15,ERNST & YOUNG INC.,Martin Rosenthal,514-879-6549,https://www.ey.com/ca/idealprotein
"AVENTURA PHASE VII INC., AVENTURA PHASE VIII INC., AVENTURA PHASE IX INC. AND AVENTURA PHASE X INC.",2023-08-24,RAYMOND CHABOT INC.,"GAGNON, JEAN",514-879-1385,https://www.raymondchabot.com/fr/entreprises/dossiers-publics/aventura-phase-vii-inc-et-al/
"Quality Sterling Group, comprising Quality Rugs of Canada Ltd., Timeline Floors Inc., Ontario Flooring Ltd., Weston Hardwood Design Centre Inc., Malvern Contact Interiors Ltd., Timeline Floor Inc. Ontario Flooring Ltd. Weston Hardwood Design Centre Inc. Malvern Contract Interior Limited Quality Commercial Carpet Corporation Joseph Douglas Pacione Holding Ltd. John Anthony Pacione Holding Ltd. Jopac Enterprises Limited, and Patjo Holding Inc.",2023-08-25,RSM Canada Limited,"DHANANI, ARIF NAZARALI",416-480-0160,http://www.rsmcanada.com/quality-sterling-group
"Validus Power Corp., Iroquois Falls Power Corp., Bay Power Corp., KAP Power Corp., Validus Hosting Inc. and Kingston Cogen GP Inc.",2023-08-29,KSV RESTRUCTURING INC.,"KOFMAN, ROBERT DAVID",416-932-6228,https://www.ksvadvisory.com/experience/case/validus-power-corp
BioSteel Sports Nutrition Inc.,2023-09-14,KSV RESTRUCTURING INC.,"GOLDSTEIN, NOAH",416-932-6207,https://www.ksvadvisory.com/experience/case/biosteel
"South Shore Seafoods Ltd., Captain Cooke's Seafood Inc., By The Water Shellfish (2012) Inc., Can-Am Lobster & Shellfish Ltd., South Shore Seafoods International Ltd., Bridge Lobsters Limited., and Arsenault's Fish Mart Inc.",2023-09-21,DELOITTE RESTRUCTURING INC/RESTRUCTURATION DELOITTE INC,"FORAN, JAMES",902-721-5661,https://www.insolvencies.deloitte.ca/SouthShoreSeafoods
"Quebec Parmentier Inc., 9465-0850 Quebec Inc., 9490-0388 Quebec Inc.,9440-5818 Quebec Inc.,9440-5776 Quebec Inc.,9450-8405 Quebec Inc, Propur Inc., Marketing SEQ Inc., Gessam Inc. and Legupro Inc.",2023-10-10,MNP Ltd.,Pierre Marchand,514-906-4645,https://mnpdebt.ca/en/corporate/corporate-engagements/quebec-parmentier-inc
Tacora Resources Inc.,2023-10-10,FTI CONSULTING CANADA INC.,Jodi Porepa,416-649-8059,http://cfcanada.fticonsulting.com/tacora
Stornoway Diamonds (Canada) Inc. et 11272420 Canada Inc.,2023-10-27,DELOITTE RESTRUCTURING INC/RESTRUCTURATION DELOITTE INC,"CLOUÂTRE, BENOÎT",514-393-5391,www.insolvencies.deloitte.ca/stornoway
"Ignite Holdings Inc., Ignite Services Inc., Ignite Insurance Corporation",2023-10-30,KPMG INC.,"BOURIKAS, GEORGE",416-649-8065,https://www.kpmg.com/ca/IgniteGroup
Harbour Grace Ocean Enterprises Ltd. and Laurenceton Holdings Ltd.,2023-11-02,PRICEWATERHOUSECOOPERS INC,"MCTAGGART, MICHAEL",416-687-8924,https://www.pwc.com/ca/harbourgrace
"Simply Green Home Services Inc., Crown Crest Capital Management Corp., Simply Green Home Services Corp., Crown Crest Capital Trust., Crown Crest Financial Corp., Crown Crest Funding Corp.",2023-11-09,KPMG INC.,"PATEL, PRITESH",416-777-8500,https://kpmg.com/ca/crowncrest
"TERGEO MINÉRAUX CRITIQUES INC., ALLIANCE MAGNÉSIUM MÉTALLURGIE INC., ALLIANCE MAGNÉSIUM INC., ALLIANCE MAGNÉSIUM MINES INC.",2023-11-10,RAYMOND CHABOT INC.,"CHAABAN, AYMAN",514-393-4734,https://www.raymondchabot.com/fr/entreprises/dossiers-publics/alliancemagnesiumtergeo/
"Corporation minière Monarch, Moulin aurifère Beacon Inc., La société minière Louvem Inc., 11306448 Canada Inc.",2023-11-14,PricewaterhouseCoopers Inc.,Christian Bourque,514,205-5434  https://www.pwc.com/ca/monarch
Free Rein Resources Ltd.,2023-11-14,FTI Consulting Canada Inc.,"HELKAA, DERYCK",403-454-6035,http://cfcanada.fticonsulting.com/freerein/
Mastermind GP Inc.,2023-11-14,Alvarez & Marsal Canada Inc.,"NEVSKY, JOSHUA BRETT",416-847-5161,https://www.alvarezandmarsal.com/mastermind
"MAV Beauty Brands Inc., Marc Anthony Cosmetics Ltd., Marc Anthony US Holdings, Inc., Marc Anthony Cosmetics USA, Inc., MAC Pure Holdings, Inc., MAV Midco Holdings, LLC, Renpure, LLC, Onesta Hair Care, LLC, and The Mane Choice Hair Solution LLC",2023-11-14,Alvarez & Marsal Canada Inc.,"FERGUSON, STEPHEN",416-847-5162,https://www.alvarezandmarsal.com/MAV
"Wolverine Energy And Infrastructure Inc., Wolverine Equipment Inc., Wolverine Construction Inc., HD Energy Rentals Ltd., In-Line Production Testing Ltd., BHW Employment Services Inc., Flo-Back Equipment Inc., Liberty Energy Services Ltd., and Western Canadian Mulching Ltd.",2023-11-30,Ernst & Young Inc.,Neil Narfason,403-206-5067,https://www.ey.com/ca/WolverineEnergy
"DUVALTEX INC., DUVAL ACQUISITION INC., DUVALTEX (US), INC., DUVALTEX (CANADA) INC., DUVALTEX (AMERICA), INC., LES LAINAGES VICTOR LTÉE ET ARMFOAM INC.",2023-12-14,Ernst & Young Inc.,Eric St-Amour,514-879-8224,https://www.ey.com/ca/duvaltex
"Contract Pharmaceuticals Limited, CPL Canada Holdco Limited, Contract Pharmaceuticals Limited Canada, Glasshouse Pharmaceuticals Limited Canada and Glasshouse Pharmaceuticals LLC",2023-12-15,KSV RESTRUCTURING INC.,"GOLDSTEIN, NOAH",416-932-6207,https://www.ksvadvisory.com/experience/case/cpl
Myra Falls Mine Ltd.,2023-12-18,FTI CONSULTING CANADA INC.,Thomas Powell,605-551-9881,http://cfcanada.fticonsulting.com/myrafalls
15695651 Canada Inc. and 15695724 Canada Inc.,2023-12-20,KPMG Inc.,David Malin,514-461-6672,https://kpmg.com/ca/wholesaleexpress
"Candesto Enterprises Corp., D3 Infrastructure Services Inc., and Safe Roads Alberta Ltd.",2023-12-20,Alvarez & Marsal Canada Inc.,"KONOWALCHUK, OREST M. P.",403-538-4736,www.alvarezandmarsal.com/candesto
"TREES CORPORATION, ONTARIO CANNABIS HOLDINGS CORP., MIRACULO INC., 2707461 ONTARIO LTD., OCH ONTARIO CONSULTING CORP., AND 11819496 CANADA INC.",2023-12-22,FTI Consulting Canada Inc.,Jeffrey Rosenberg,416-649-8073,http://cfcanada.fticonsulting.com/TreesCorporation
Humble & Fume Inc.,2024-01-05,DELOITTE RESTRUCTURING INC/RESTRUCTURATION DELOITTE INC,"AMBACHTSHEER, TODD JEFFREY",416-607-0781,https://www.insolvencies.deloitte.ca/en-ca/pages/Humble-and-Fume.aspx
"Mantle Materials Group, Ltd.",2024-01-10,FTI Consulting Canada Inc.,"HELKAA, DERYCK",403-454-6035,http://cfcanada.fticonsulting.com/mantle
"Nexii Building Solutions Inc., Nexii Construction Inc., NBS IP Inc. and Nexii Holdings Inc.",2024-01-11,KSV RESTRUCTURING INC.,"GOLDSTEIN, NOAH",416-932-6207,https://www.ksvadvisory.com/experience/case/cpl
9869247 Canada Limited (d.b.a. Safari Flower Company) and GN Ventures Ltd.,2024-01-12,ERNST & YOUNG INC.,Karen Fung,416-943-2501,www.ey.com/ca/safari
"Groupe Santé Brunswick inc., et al.",2024-01-12,RAYMOND CHABOT INC.,"CHAABAN, AYMAN",514-393-4734,https://www.raymondchabot.com/fr/entreprises/dossiers-publics/groupe-brunswick/
"Black Press Ltd., 311773 B.C. Ltd., Black Press Group Ltd., 0922015 B.C. Ltd., Central Web Offset Ltd., Sound Publishing Holding, Inc., Sound Publishing Properties, Inc., Sound Publishing, Inc., Oahu Publications, Inc., The Beacon Journal Publishing Company, WWA (BPH) Publications, Inc., and San Francisco Print Media Co.",2024-01-15,KSV RESTRUCTURING INC.,"GOLDSTEIN, NOAH",416-844-4842,https://www.ksvadvisory.com/experience/case/cpl
2039882 Ontario Limited o/a Shelter Cove,2024-01-18,PricewaterhouseCoopers Inc.,Michael McTaggart,416-687-8924,https://www.pwc.com/ca/sheltercove
Fresh City Farms Inc. and Mama Earth Organics Inc.,2024-01-18,PricewaterhouseCoopers Inc.,Michael McTaggart,416-687-8924,https://www.pwc.com/ca/freshcity
"SimEx Inc., Iwerks Entertainment, Inc., and SimEx-Iwerks Myrtle Beach, LLC",2024-01-19,DELOITTE RESTRUCTURING INC/RESTRUCTURATION DELOITTE INC,"SLEETH, JORDEN DAVID",416-775-8858,http://www.insolvencies.deloitte.ca/en-ca/SimEx
"Balboa Inc., DSPLN Inc., Happy Gilmore Inc., Interlude Inc., Multiville Inc., The Pink Flamingo Inc., Hometown Housing Inc., The Mulligan Inc., Horses in the Back Inc., Neat Nests Inc. & Joint Captain",2024-01-23,KSV RESTRUCTURING INC.,"GOLDSTEIN, NOAH",416-932-6207,https://www.ksvadvisory.com/experience/case/sid
"2437799 ALBERTA LTD., 2437801 ALBERTA LTD., 2437815 ALBERTA LTD., GRIFFON PARTNERS CAPITAL MANAGEMENT LTD., GRIFFON PARTNERS HOLDING CORP., GRIFFON PARTNERS OPERATION CORP., SPICELO LIMITED, STELLION LIMITED",2024-02-07,ALVAREZ & MARSAL CANADA INC.,"KONOWALCHUK, OREST M. P.",403-538-4736,https://www.alvarezandmarsal.com/GriffonPartners
"Collision Kings Group Inc., East Lake Collision Ltd., Mayland Heights Collision Ltd., Sunridge Collision Ltd., Arrow Auto Body Ltd., Bunzy's Auto Body Ltd., Royal Vista Collision Ltd., Stathko Investments Ltd., 2199921 Alberta Ltd., Collision Kings 3 Ltd., Nick's Repair Service Ltd., 10026923 Manitoba Ltd., CMD Holdings Inc., and CMD Glass Ltd.",2024-02-07,FTI Consulting Canada Inc.,"HELKAA, DERYCK",403-454-6035,http://cfcanada.fticonsulting.com/collisionkings/
"WP Holdings Ltd., Wayne Patrick Consumer Products Ltd. and WPCP Ltd.",2024-02-20,GRANT THORNTON LIMITED,"WOOTTON, DANIEL KENNETH",416-360-3063,www.GrantThornton.ca/WPCP
"Lynx Air Holdings Corporation and 1263343 Alberta Inc., DBA Lynx Air",2024-02-22,FTI Consulting Canada Inc.,"OLVER, DUSTIN",403-519-3485,http://cfcanada.fticonsulting.com/lynxair/
Bifano Consolidated Inc.,2024-02-28,ALVAREZ & MARSAL CANADA INC.,"Tillman, Anthony Joseph",604-639-0849,https://www.alvarezandmarsal.com/BifanoNata
BZAM Ltd.,2024-02-28,FTI CONSULTING CANADA INC.,"ROSENBERG, JEFFREY RICHARD",416-649-8100,http://cfcanada.fticonsulting.com/bzam/
"Razor Energy Corp., Razor Holdings GP Corp., Blade Energy Services Corp., and Razor Royalties Limited Partnership",2024-02-28,FTI Consulting Canada Inc.,"HELKAA, DERYCK",403-454-6037,http://cfcanada.fticonsulting.com/razor-blade/
"Canadian Overseas Petroleum Limited, COPL America Holding Inc., COPL America Inc., Canadian Overseas Petroleum (UK) Limited, Canadian Overseas Petroleum (Ontario) Limited, COPL Technical Services Limited, Canadian Overseas Petroleum (Bermuda Holdings) Limited, Canadian Overseas Petroleum (Bermuda) Limited, Southwestern Production Corporation, Atomic Oil and Gas LLC, and Pipeco LLC",2024-03-08,KSV RESTRUCTURING INC.,"GOLDSTEIN, NOAH",416-932-6207,https://www.ksvadvisory.com/experience/case/canadian-overseas-petroleum
Anfis Enterprises Inc. and 9407-5173 Québec Inc.,2024-03-11,RAYMOND CHABOT INC.,"CHAABAN, AYMAN",514-393-4734,https://www.raymondchabot.com/en/companies/public-records/9407-5173-quebec-inc/
Skylink Express Inc.,2024-03-11,KSV RESTRUCTURING INC.,"KOFMAN, ROBERT DAVID",416-932-6228,https://www.ksvadvisory.com/experience/case/skylink
"Saltwire Network Inc., The Halifax Herald Limited, Headline Promotional Products Limited, Titan Security & Investigation Inc., Brace Capital Limited and Brace Holdings Limited",2024-03-13,KSV RESTRUCTURING INC.,"KOFMAN, ROBERT DAVID",416-932-6228,https://www.ksvadvisory.com/experience/case/herald-saltwire
Gestion Juste Pour Rire Inc.et les autres sociétés énumérées en annexe A,2024-03-15,PricewaterhouseCoopers Inc.,"BOURQUE, CHRISTIAN",514-205-5434,https://www.pwc.com/ca/justepourrire
Goli Nutrition Inc.,2024-03-18,DELOITTE RESTRUCTURING INC/RESTRUCTURATION DELOITTE INC,"CLOUÂTRE, BENOÎT",514-393-5391,www.insolvencies.deloitte.ca/goli
Pride Group Holdings Inc.,2024-03-27,ERNST & YOUNG INC.,"MORRISON, ALEXANDER",416-941-7743,www.ey.com/ca/pridegroup
Heritage Cannabis Holding Corp.,2024-04-02,KPMG INC.,"PATEL, PRITESH",416-777-8500,https://kpmg.com/ca/heritage
Tebo Mill Installations et al.,2024-04-05,Crowe MacKay & Company Ltd.,"Lai, Derek",416-601-6150,https://crowemackayco.ca/project/tebo-group-of-industries/
Antibe Therapeutics Inc.,2024-04-09,DELOITTE RESTRUCTURING INC/RESTRUCTURATION DELOITTE INC,"MEAKIN, NIGEL DOMINIC",604-689-3928,https://www.insolvencies.deloitte.ca/antibe
"TED BAKER CANADA INC., TED BAKER LIMITED, OSL FASHION SERVICES CANADA INC., and OSL FASHION SERVICES, INC.",2024-04-24,ALVAREZ & MARSAL CANADA INC.,"KARPEL, GREG ALAN",416-847-5170,https://www.alvarezandmarsal.com/TBRetail
Teal-Jones Group,2024-04-25,PricewaterhouseCoopers Inc.,"VERMETTE, MICHAEL JOSEPH",604-805-5312,https://www.pwc.com/ca/tealjones
AlphaBow Energy Ltd.,2024-04-26,KSV RESTRUCTURING INC.,"BASI, ANDREW HARRINDER SINGH",416-932-6228,https://www.ksvadvisory.com/experience/case/alphabow
Cannmart Labs Inc,2024-05-02,MSI SPERGEL INC,"Manchanda, Mukul",416-498-4314,https://www.spergelcorporate.ca/engagements/cannmart-labs-inc/
"Clarkson Road Developments GP Inc., Clarkson Road Holdings Inc., and 2813427 Ontario Inc.",2024-05-03,PRICEWATERHOUSECOOPERS INC.,"MCKENNA, JOHN PATRICK",416-941-8314,https://www.pwc.com/ca/1111clarkson
INTELGENX TECHNOLOGIES CORP. and INTELGENX CORP.,2024-05-17,Ernst & Young Inc.,Martin P. Rosenthal,514-879-6549,https://www.ey.com/ca/intelgenx
"Eastern Meat Solutions Inc. (""EMS""), et al.",2024-05-21,DELOITTE RESTRUCTURING INC/RESTRUCTURATION DELOITTE INC,"SLEETH, JORDEN DAVID",416-775-8858,https://www.insolvencies.deloitte.ca/easternmeat
